name	position	base	deeplift_maize
ZmCLE7 (-2483 to +171 relative to ATG)	1	G	0.04047496
ZmCLE7 (-2483 to +171 relative to ATG)	2	G	0.028558351
ZmCLE7 (-2483 to +171 relative to ATG)	3	G	0.028135238
ZmCLE7 (-2483 to +171 relative to ATG)	4	T	0.004336104
ZmCLE7 (-2483 to +171 relative to ATG)	5	T	-0.011400028
ZmCLE7 (-2483 to +171 relative to ATG)	6	G	0.052623812
ZmCLE7 (-2483 to +171 relative to ATG)	7	G	0.0091407
ZmCLE7 (-2483 to +171 relative to ATG)	8	C	0.06769462
ZmCLE7 (-2483 to +171 relative to ATG)	9	G	0.033395853
ZmCLE7 (-2483 to +171 relative to ATG)	10	G	0.0076116817
ZmCLE7 (-2483 to +171 relative to ATG)	11	C	0.04587388
ZmCLE7 (-2483 to +171 relative to ATG)	12	A	-0.012582895
ZmCLE7 (-2483 to +171 relative to ATG)	13	A	-0.0014298521
ZmCLE7 (-2483 to +171 relative to ATG)	14	C	0.009050573
ZmCLE7 (-2483 to +171 relative to ATG)	15	C	-0.015684845
ZmCLE7 (-2483 to +171 relative to ATG)	16	C	0.02264262
ZmCLE7 (-2483 to +171 relative to ATG)	17	C	0.01926405
ZmCLE7 (-2483 to +171 relative to ATG)	18	C	-0.027725698
ZmCLE7 (-2483 to +171 relative to ATG)	19	A	-0.019069178
ZmCLE7 (-2483 to +171 relative to ATG)	20	G	0.04428055
ZmCLE7 (-2483 to +171 relative to ATG)	21	T	0.056797277
ZmCLE7 (-2483 to +171 relative to ATG)	22	C	0.06598795
ZmCLE7 (-2483 to +171 relative to ATG)	23	A	0.048026364
ZmCLE7 (-2483 to +171 relative to ATG)	24	G	0.02079651
ZmCLE7 (-2483 to +171 relative to ATG)	25	C	0.05573542
ZmCLE7 (-2483 to +171 relative to ATG)	26	T	-0.019115254
ZmCLE7 (-2483 to +171 relative to ATG)	27	G	-0.0011893677
ZmCLE7 (-2483 to +171 relative to ATG)	28	C	-0.0046311687
ZmCLE7 (-2483 to +171 relative to ATG)	29	C	-0.004946352
ZmCLE7 (-2483 to +171 relative to ATG)	30	T	-0.0021619988
ZmCLE7 (-2483 to +171 relative to ATG)	31	G	0.0003339113
ZmCLE7 (-2483 to +171 relative to ATG)	32	T	-0.008562774
ZmCLE7 (-2483 to +171 relative to ATG)	33	G	0.010434168
ZmCLE7 (-2483 to +171 relative to ATG)	34	A	-0.019055724
ZmCLE7 (-2483 to +171 relative to ATG)	35	A	-0.0017098344
ZmCLE7 (-2483 to +171 relative to ATG)	36	G	0.018141681
ZmCLE7 (-2483 to +171 relative to ATG)	37	G	-0.003118562
ZmCLE7 (-2483 to +171 relative to ATG)	38	C	0.018217837
ZmCLE7 (-2483 to +171 relative to ATG)	39	C	0.028158488
ZmCLE7 (-2483 to +171 relative to ATG)	40	T	0.034075968
ZmCLE7 (-2483 to +171 relative to ATG)	41	T	0.017246654
ZmCLE7 (-2483 to +171 relative to ATG)	42	A	0.031584367
ZmCLE7 (-2483 to +171 relative to ATG)	43	T	0.026530577
ZmCLE7 (-2483 to +171 relative to ATG)	44	C	0.063198745
ZmCLE7 (-2483 to +171 relative to ATG)	45	T	-0.0056645796
ZmCLE7 (-2483 to +171 relative to ATG)	46	T	-0.02491773
ZmCLE7 (-2483 to +171 relative to ATG)	47	T	-0.008307246
ZmCLE7 (-2483 to +171 relative to ATG)	48	A	-0.03000276
ZmCLE7 (-2483 to +171 relative to ATG)	49	C	-0.018099854
ZmCLE7 (-2483 to +171 relative to ATG)	50	T	-0.0013873046
ZmCLE7 (-2483 to +171 relative to ATG)	51	G	-0.0074294764
ZmCLE7 (-2483 to +171 relative to ATG)	52	C	0.0052197324
ZmCLE7 (-2483 to +171 relative to ATG)	53	G	-0.0016192308
ZmCLE7 (-2483 to +171 relative to ATG)	54	T	0.0027005752
ZmCLE7 (-2483 to +171 relative to ATG)	55	T	-0.0026816952
ZmCLE7 (-2483 to +171 relative to ATG)	56	T	-0.0023906322
ZmCLE7 (-2483 to +171 relative to ATG)	57	C	-0.0019319351
ZmCLE7 (-2483 to +171 relative to ATG)	58	G	0.0011625773
ZmCLE7 (-2483 to +171 relative to ATG)	59	C	0.0015523518
ZmCLE7 (-2483 to +171 relative to ATG)	60	T	-0.0008192723
ZmCLE7 (-2483 to +171 relative to ATG)	61	A	-0.0033135666
ZmCLE7 (-2483 to +171 relative to ATG)	62	G	0.00059679465
ZmCLE7 (-2483 to +171 relative to ATG)	63	C	-0.0015591036
ZmCLE7 (-2483 to +171 relative to ATG)	64	A	-0.005483926
ZmCLE7 (-2483 to +171 relative to ATG)	65	C	-0.0017063263
ZmCLE7 (-2483 to +171 relative to ATG)	66	T	-0.0026990974
ZmCLE7 (-2483 to +171 relative to ATG)	67	T	0.006457203
ZmCLE7 (-2483 to +171 relative to ATG)	68	T	0.00095503166
ZmCLE7 (-2483 to +171 relative to ATG)	69	G	0.0033925658
ZmCLE7 (-2483 to +171 relative to ATG)	70	A	-0.0012378636
ZmCLE7 (-2483 to +171 relative to ATG)	71	T	0.0010476167
ZmCLE7 (-2483 to +171 relative to ATG)	72	T	-0.0028971187
ZmCLE7 (-2483 to +171 relative to ATG)	73	T	-0.01158551
ZmCLE7 (-2483 to +171 relative to ATG)	74	A	0.003133272
ZmCLE7 (-2483 to +171 relative to ATG)	75	A	-0.015596415
ZmCLE7 (-2483 to +171 relative to ATG)	76	C	-0.01319567
ZmCLE7 (-2483 to +171 relative to ATG)	77	T	-0.0005657845
ZmCLE7 (-2483 to +171 relative to ATG)	78	G	-0.011035113
ZmCLE7 (-2483 to +171 relative to ATG)	79	T	-0.007669702
ZmCLE7 (-2483 to +171 relative to ATG)	80	T	-0.0030057286
ZmCLE7 (-2483 to +171 relative to ATG)	81	A	-0.008511282
ZmCLE7 (-2483 to +171 relative to ATG)	82	A	-0.0023481033
ZmCLE7 (-2483 to +171 relative to ATG)	83	G	2.169875e-05
ZmCLE7 (-2483 to +171 relative to ATG)	84	T	-0.0024563167
ZmCLE7 (-2483 to +171 relative to ATG)	85	T	-0.0023112337
ZmCLE7 (-2483 to +171 relative to ATG)	86	G	0.0059672073
ZmCLE7 (-2483 to +171 relative to ATG)	87	A	-0.004478213
ZmCLE7 (-2483 to +171 relative to ATG)	88	T	0.0041439435
ZmCLE7 (-2483 to +171 relative to ATG)	89	G	0.0081252465
ZmCLE7 (-2483 to +171 relative to ATG)	90	A	0.004795252
ZmCLE7 (-2483 to +171 relative to ATG)	91	C	0.003982663
ZmCLE7 (-2483 to +171 relative to ATG)	92	T	-0.006630879
ZmCLE7 (-2483 to +171 relative to ATG)	93	A	-0.00066886994
ZmCLE7 (-2483 to +171 relative to ATG)	94	T	-0.00842693
ZmCLE7 (-2483 to +171 relative to ATG)	95	G	0.0049306983
ZmCLE7 (-2483 to +171 relative to ATG)	96	T	0.006857045
ZmCLE7 (-2483 to +171 relative to ATG)	97	G	0.009580257
ZmCLE7 (-2483 to +171 relative to ATG)	98	G	0.011847553
ZmCLE7 (-2483 to +171 relative to ATG)	99	A	0.006833753
ZmCLE7 (-2483 to +171 relative to ATG)	100	T	0.0008185418
ZmCLE7 (-2483 to +171 relative to ATG)	101	G	-0.0024551796
ZmCLE7 (-2483 to +171 relative to ATG)	102	T	-0.0014845162
ZmCLE7 (-2483 to +171 relative to ATG)	103	C	-0.0008951814
ZmCLE7 (-2483 to +171 relative to ATG)	104	T	-0.00013717747
ZmCLE7 (-2483 to +171 relative to ATG)	105	A	-0.0013111505
ZmCLE7 (-2483 to +171 relative to ATG)	106	T	-0.0019293329
ZmCLE7 (-2483 to +171 relative to ATG)	107	G	0.0049281055
ZmCLE7 (-2483 to +171 relative to ATG)	108	A	0.0060622278
ZmCLE7 (-2483 to +171 relative to ATG)	109	C	0.0046189968
ZmCLE7 (-2483 to +171 relative to ATG)	110	T	0.0019086906
ZmCLE7 (-2483 to +171 relative to ATG)	111	C	-0.0021422221
ZmCLE7 (-2483 to +171 relative to ATG)	112	T	-0.0036271967
ZmCLE7 (-2483 to +171 relative to ATG)	113	G	-0.0033784574
ZmCLE7 (-2483 to +171 relative to ATG)	114	T	-0.0036468147
ZmCLE7 (-2483 to +171 relative to ATG)	115	G	-0.001268961
ZmCLE7 (-2483 to +171 relative to ATG)	116	A	0.0017706929
ZmCLE7 (-2483 to +171 relative to ATG)	117	T	-0.0003894238
ZmCLE7 (-2483 to +171 relative to ATG)	118	G	-0.004644904
ZmCLE7 (-2483 to +171 relative to ATG)	119	T	-0.004828537
ZmCLE7 (-2483 to +171 relative to ATG)	120	A	-0.0028654635
ZmCLE7 (-2483 to +171 relative to ATG)	121	A	0.0018601974
ZmCLE7 (-2483 to +171 relative to ATG)	122	T	-0.0014333345
ZmCLE7 (-2483 to +171 relative to ATG)	123	A	-2.13603e-06
ZmCLE7 (-2483 to +171 relative to ATG)	124	A	-0.0008880683
ZmCLE7 (-2483 to +171 relative to ATG)	125	G	-0.003359655
ZmCLE7 (-2483 to +171 relative to ATG)	126	T	-0.000472343
ZmCLE7 (-2483 to +171 relative to ATG)	127	T	-0.0023240482
ZmCLE7 (-2483 to +171 relative to ATG)	128	A	-0.000710043
ZmCLE7 (-2483 to +171 relative to ATG)	129	A	-0.003704072
ZmCLE7 (-2483 to +171 relative to ATG)	130	C	-0.0081438385
ZmCLE7 (-2483 to +171 relative to ATG)	131	A	-0.009375456
ZmCLE7 (-2483 to +171 relative to ATG)	132	C	-0.00480016
ZmCLE7 (-2483 to +171 relative to ATG)	133	T	-0.00377049
ZmCLE7 (-2483 to +171 relative to ATG)	134	C	-0.001448052
ZmCLE7 (-2483 to +171 relative to ATG)	135	T	0.0012228203
ZmCLE7 (-2483 to +171 relative to ATG)	136	T	0.005014477
ZmCLE7 (-2483 to +171 relative to ATG)	137	T	0.0024923042
ZmCLE7 (-2483 to +171 relative to ATG)	138	T	0.0034353938
ZmCLE7 (-2483 to +171 relative to ATG)	139	A	-0.0033385102
ZmCLE7 (-2483 to +171 relative to ATG)	140	T	-0.00045766853
ZmCLE7 (-2483 to +171 relative to ATG)	141	G	-0.011397108
ZmCLE7 (-2483 to +171 relative to ATG)	142	T	-0.001959732
ZmCLE7 (-2483 to +171 relative to ATG)	143	T	0.00042941325
ZmCLE7 (-2483 to +171 relative to ATG)	144	A	0.0006672183
ZmCLE7 (-2483 to +171 relative to ATG)	145	T	0.005483457
ZmCLE7 (-2483 to +171 relative to ATG)	146	T	0.0038418055
ZmCLE7 (-2483 to +171 relative to ATG)	147	A	0.001085596
ZmCLE7 (-2483 to +171 relative to ATG)	148	T	0.0040010526
ZmCLE7 (-2483 to +171 relative to ATG)	149	T	-0.00020368137
ZmCLE7 (-2483 to +171 relative to ATG)	150	C	-0.0006761854
ZmCLE7 (-2483 to +171 relative to ATG)	151	G	-0.0032800157
ZmCLE7 (-2483 to +171 relative to ATG)	152	A	-0.0067209406
ZmCLE7 (-2483 to +171 relative to ATG)	153	G	-0.0036259445
ZmCLE7 (-2483 to +171 relative to ATG)	154	C	-0.008412903
ZmCLE7 (-2483 to +171 relative to ATG)	155	A	-0.007136444
ZmCLE7 (-2483 to +171 relative to ATG)	156	C	-0.0038928515
ZmCLE7 (-2483 to +171 relative to ATG)	157	T	-0.007373674
ZmCLE7 (-2483 to +171 relative to ATG)	158	G	-0.0068908064
ZmCLE7 (-2483 to +171 relative to ATG)	159	T	-0.006156423
ZmCLE7 (-2483 to +171 relative to ATG)	160	G	0.000264821
ZmCLE7 (-2483 to +171 relative to ATG)	161	C	-0.00025021954
ZmCLE7 (-2483 to +171 relative to ATG)	162	G	0.005584827
ZmCLE7 (-2483 to +171 relative to ATG)	163	A	-0.00023064137
ZmCLE7 (-2483 to +171 relative to ATG)	164	T	-0.0032386386
ZmCLE7 (-2483 to +171 relative to ATG)	165	G	-0.0039070016
ZmCLE7 (-2483 to +171 relative to ATG)	166	A	-0.003171269
ZmCLE7 (-2483 to +171 relative to ATG)	167	T	-0.00031814424
ZmCLE7 (-2483 to +171 relative to ATG)	168	G	-0.0058618574
ZmCLE7 (-2483 to +171 relative to ATG)	169	T	-0.00045015148
ZmCLE7 (-2483 to +171 relative to ATG)	170	T	-0.00079448294
ZmCLE7 (-2483 to +171 relative to ATG)	171	C	-0.00710229
ZmCLE7 (-2483 to +171 relative to ATG)	172	A	-0.0053968565
ZmCLE7 (-2483 to +171 relative to ATG)	173	T	-0.0010346578
ZmCLE7 (-2483 to +171 relative to ATG)	174	T	-0.00032928618
ZmCLE7 (-2483 to +171 relative to ATG)	175	T	0.0006490261
ZmCLE7 (-2483 to +171 relative to ATG)	176	A	-0.005010127
ZmCLE7 (-2483 to +171 relative to ATG)	177	T	-0.0007011771
ZmCLE7 (-2483 to +171 relative to ATG)	178	G	-0.0030369216
ZmCLE7 (-2483 to +171 relative to ATG)	179	T	-0.005058204
ZmCLE7 (-2483 to +171 relative to ATG)	180	A	-0.0024852983
ZmCLE7 (-2483 to +171 relative to ATG)	181	A	0.0015031452
ZmCLE7 (-2483 to +171 relative to ATG)	182	T	0.0020986265
ZmCLE7 (-2483 to +171 relative to ATG)	183	C	0.0026114562
ZmCLE7 (-2483 to +171 relative to ATG)	184	G	0.004668929
ZmCLE7 (-2483 to +171 relative to ATG)	185	C	-0.005501427
ZmCLE7 (-2483 to +171 relative to ATG)	186	T	-0.0005917804
ZmCLE7 (-2483 to +171 relative to ATG)	187	G	0.00089551683
ZmCLE7 (-2483 to +171 relative to ATG)	188	T	-0.004906834
ZmCLE7 (-2483 to +171 relative to ATG)	189	G	0.0039357613
ZmCLE7 (-2483 to +171 relative to ATG)	190	T	-0.005216479
ZmCLE7 (-2483 to +171 relative to ATG)	191	A	-0.0039270287
ZmCLE7 (-2483 to +171 relative to ATG)	192	C	0.0030518852
ZmCLE7 (-2483 to +171 relative to ATG)	193	G	-0.00071349513
ZmCLE7 (-2483 to +171 relative to ATG)	194	T	-0.0066488897
ZmCLE7 (-2483 to +171 relative to ATG)	195	G	0.00443448
ZmCLE7 (-2483 to +171 relative to ATG)	196	A	-0.001876358
ZmCLE7 (-2483 to +171 relative to ATG)	197	G	-0.0009403171
ZmCLE7 (-2483 to +171 relative to ATG)	198	T	0.0009308452
ZmCLE7 (-2483 to +171 relative to ATG)	199	T	0.009732307
ZmCLE7 (-2483 to +171 relative to ATG)	200	C	0.0053721787
ZmCLE7 (-2483 to +171 relative to ATG)	201	T	-0.00566485
ZmCLE7 (-2483 to +171 relative to ATG)	202	G	0.0045791403
ZmCLE7 (-2483 to +171 relative to ATG)	203	A	0.014874943
ZmCLE7 (-2483 to +171 relative to ATG)	204	T	0.0075783576
ZmCLE7 (-2483 to +171 relative to ATG)	205	C	0.0095038265
ZmCLE7 (-2483 to +171 relative to ATG)	206	C	-0.002100353
ZmCLE7 (-2483 to +171 relative to ATG)	207	T	-0.0064308047
ZmCLE7 (-2483 to +171 relative to ATG)	208	G	0.0030612245
ZmCLE7 (-2483 to +171 relative to ATG)	209	G	-0.0011217621
ZmCLE7 (-2483 to +171 relative to ATG)	210	C	0.004564188
ZmCLE7 (-2483 to +171 relative to ATG)	211	A	0.0019871953
ZmCLE7 (-2483 to +171 relative to ATG)	212	C	-0.0011677673
ZmCLE7 (-2483 to +171 relative to ATG)	213	G	0.0017931877
ZmCLE7 (-2483 to +171 relative to ATG)	214	T	-0.0033768117
ZmCLE7 (-2483 to +171 relative to ATG)	215	A	-0.009712358
ZmCLE7 (-2483 to +171 relative to ATG)	216	C	-0.0031865758
ZmCLE7 (-2483 to +171 relative to ATG)	217	A	0.000979192
ZmCLE7 (-2483 to +171 relative to ATG)	218	T	-0.005414475
ZmCLE7 (-2483 to +171 relative to ATG)	219	A	-0.002421748
ZmCLE7 (-2483 to +171 relative to ATG)	220	G	-0.0019032095
ZmCLE7 (-2483 to +171 relative to ATG)	221	T	0.00043228982
ZmCLE7 (-2483 to +171 relative to ATG)	222	T	0.0045463475
ZmCLE7 (-2483 to +171 relative to ATG)	223	C	0.0043405583
ZmCLE7 (-2483 to +171 relative to ATG)	224	G	-0.005763593
ZmCLE7 (-2483 to +171 relative to ATG)	225	C	0.0003643326
ZmCLE7 (-2483 to +171 relative to ATG)	226	A	-0.004770164
ZmCLE7 (-2483 to +171 relative to ATG)	227	T	0.001340515
ZmCLE7 (-2483 to +171 relative to ATG)	228	T	-0.003396443
ZmCLE7 (-2483 to +171 relative to ATG)	229	C	-0.00041114117
ZmCLE7 (-2483 to +171 relative to ATG)	230	G	0.0022360114
ZmCLE7 (-2483 to +171 relative to ATG)	231	G	0.0046591745
ZmCLE7 (-2483 to +171 relative to ATG)	232	T	0.00032205702
ZmCLE7 (-2483 to +171 relative to ATG)	233	T	-0.0048104036
ZmCLE7 (-2483 to +171 relative to ATG)	234	T	-0.0034820016
ZmCLE7 (-2483 to +171 relative to ATG)	235	A	-0.00946102
ZmCLE7 (-2483 to +171 relative to ATG)	236	C	-0.000208895
ZmCLE7 (-2483 to +171 relative to ATG)	237	C	0.001055453
ZmCLE7 (-2483 to +171 relative to ATG)	238	T	0.0055993353
ZmCLE7 (-2483 to +171 relative to ATG)	239	T	-0.0013046829
ZmCLE7 (-2483 to +171 relative to ATG)	240	C	0.0015400443
ZmCLE7 (-2483 to +171 relative to ATG)	241	C	0.0067242202
ZmCLE7 (-2483 to +171 relative to ATG)	242	A	-0.0033689793
ZmCLE7 (-2483 to +171 relative to ATG)	243	A	3.839368e-05
ZmCLE7 (-2483 to +171 relative to ATG)	244	A	0.006622917
ZmCLE7 (-2483 to +171 relative to ATG)	245	A	0.0012405475
ZmCLE7 (-2483 to +171 relative to ATG)	246	C	0.009488048
ZmCLE7 (-2483 to +171 relative to ATG)	247	C	0.010046389
ZmCLE7 (-2483 to +171 relative to ATG)	248	G	0.009325862
ZmCLE7 (-2483 to +171 relative to ATG)	249	G	0.0025642822
ZmCLE7 (-2483 to +171 relative to ATG)	250	G	0.0031282124
ZmCLE7 (-2483 to +171 relative to ATG)	251	T	0.0045947125
ZmCLE7 (-2483 to +171 relative to ATG)	252	G	-0.005735344
ZmCLE7 (-2483 to +171 relative to ATG)	253	T	-0.007663659
ZmCLE7 (-2483 to +171 relative to ATG)	254	G	0.0018504862
ZmCLE7 (-2483 to +171 relative to ATG)	255	A	-0.006601533
ZmCLE7 (-2483 to +171 relative to ATG)	256	C	-0.006562017
ZmCLE7 (-2483 to +171 relative to ATG)	257	A	-0.004248421
ZmCLE7 (-2483 to +171 relative to ATG)	258	C	0.0056528323
ZmCLE7 (-2483 to +171 relative to ATG)	259	C	0.004251075
ZmCLE7 (-2483 to +171 relative to ATG)	260	G	-0.002021905
ZmCLE7 (-2483 to +171 relative to ATG)	261	G	-0.008167373
ZmCLE7 (-2483 to +171 relative to ATG)	262	C	-0.006204854
ZmCLE7 (-2483 to +171 relative to ATG)	263	C	-0.011360927
ZmCLE7 (-2483 to +171 relative to ATG)	264	C	-0.008678106
ZmCLE7 (-2483 to +171 relative to ATG)	265	A	-0.008994447
ZmCLE7 (-2483 to +171 relative to ATG)	266	G	0.00010048323
ZmCLE7 (-2483 to +171 relative to ATG)	267	C	0.0002661667
ZmCLE7 (-2483 to +171 relative to ATG)	268	A	-0.003512974
ZmCLE7 (-2483 to +171 relative to ATG)	269	C	-0.0020181101
ZmCLE7 (-2483 to +171 relative to ATG)	270	G	0.007687287
ZmCLE7 (-2483 to +171 relative to ATG)	271	G	-0.007993848
ZmCLE7 (-2483 to +171 relative to ATG)	272	T	-0.014835461
ZmCLE7 (-2483 to +171 relative to ATG)	273	C	-0.00845645
ZmCLE7 (-2483 to +171 relative to ATG)	274	G	0.0003738134
ZmCLE7 (-2483 to +171 relative to ATG)	275	G	-0.0028096805
ZmCLE7 (-2483 to +171 relative to ATG)	276	G	0.0021556444
ZmCLE7 (-2483 to +171 relative to ATG)	277	C	-0.007262916
ZmCLE7 (-2483 to +171 relative to ATG)	278	C	0.0032147157
ZmCLE7 (-2483 to +171 relative to ATG)	279	T	-0.002586892
ZmCLE7 (-2483 to +171 relative to ATG)	280	A	0.00066555117
ZmCLE7 (-2483 to +171 relative to ATG)	281	C	0.002245338
ZmCLE7 (-2483 to +171 relative to ATG)	282	A	-0.0068879505
ZmCLE7 (-2483 to +171 relative to ATG)	283	C	0.004542929
ZmCLE7 (-2483 to +171 relative to ATG)	284	C	0.0043842243
ZmCLE7 (-2483 to +171 relative to ATG)	285	G	0.008760891
ZmCLE7 (-2483 to +171 relative to ATG)	286	T	0.0065133437
ZmCLE7 (-2483 to +171 relative to ATG)	287	G	0.0014910292
ZmCLE7 (-2483 to +171 relative to ATG)	288	C	-0.0015458531
ZmCLE7 (-2483 to +171 relative to ATG)	289	C	0.016785292
ZmCLE7 (-2483 to +171 relative to ATG)	290	G	0.017125625
ZmCLE7 (-2483 to +171 relative to ATG)	291	T	0.010132384
ZmCLE7 (-2483 to +171 relative to ATG)	292	G	-0.0009226986
ZmCLE7 (-2483 to +171 relative to ATG)	293	C	-0.0020005703
ZmCLE7 (-2483 to +171 relative to ATG)	294	T	-0.006157318
ZmCLE7 (-2483 to +171 relative to ATG)	295	C	-0.0031742197
ZmCLE7 (-2483 to +171 relative to ATG)	296	A	-0.0070242966
ZmCLE7 (-2483 to +171 relative to ATG)	297	G	0.00013071095
ZmCLE7 (-2483 to +171 relative to ATG)	298	G	0.0004542477
ZmCLE7 (-2483 to +171 relative to ATG)	299	A	0.0041319765
ZmCLE7 (-2483 to +171 relative to ATG)	300	A	0.0003773116
ZmCLE7 (-2483 to +171 relative to ATG)	301	G	0.004073051
ZmCLE7 (-2483 to +171 relative to ATG)	302	A	0.0027562447
ZmCLE7 (-2483 to +171 relative to ATG)	303	G	0.005160068
ZmCLE7 (-2483 to +171 relative to ATG)	304	T	-0.0068996134
ZmCLE7 (-2483 to +171 relative to ATG)	305	T	0.00068416545
ZmCLE7 (-2483 to +171 relative to ATG)	306	A	-0.008136381
ZmCLE7 (-2483 to +171 relative to ATG)	307	T	-0.0043437234
ZmCLE7 (-2483 to +171 relative to ATG)	308	G	-0.0031586117
ZmCLE7 (-2483 to +171 relative to ATG)	309	G	-0.014273946
ZmCLE7 (-2483 to +171 relative to ATG)	310	G	-0.017173683
ZmCLE7 (-2483 to +171 relative to ATG)	311	C	-0.010159531
ZmCLE7 (-2483 to +171 relative to ATG)	312	C	-0.013009917
ZmCLE7 (-2483 to +171 relative to ATG)	313	C	0.007939099
ZmCLE7 (-2483 to +171 relative to ATG)	314	G	0.0050414703
ZmCLE7 (-2483 to +171 relative to ATG)	315	T	-0.0021555023
ZmCLE7 (-2483 to +171 relative to ATG)	316	C	0.0059298044
ZmCLE7 (-2483 to +171 relative to ATG)	317	G	0.0021283375
ZmCLE7 (-2483 to +171 relative to ATG)	318	G	0.002458955
ZmCLE7 (-2483 to +171 relative to ATG)	319	G	-0.0053012026
ZmCLE7 (-2483 to +171 relative to ATG)	320	C	0.012324733
ZmCLE7 (-2483 to +171 relative to ATG)	321	G	0.004465029
ZmCLE7 (-2483 to +171 relative to ATG)	322	G	0.007895724
ZmCLE7 (-2483 to +171 relative to ATG)	323	C	0.0061120903
ZmCLE7 (-2483 to +171 relative to ATG)	324	A	0.0041886996
ZmCLE7 (-2483 to +171 relative to ATG)	325	C	0.01560767
ZmCLE7 (-2483 to +171 relative to ATG)	326	G	0.0048597055
ZmCLE7 (-2483 to +171 relative to ATG)	327	A	-0.007060533
ZmCLE7 (-2483 to +171 relative to ATG)	328	C	0.0063003874
ZmCLE7 (-2483 to +171 relative to ATG)	329	A	0.01940861
ZmCLE7 (-2483 to +171 relative to ATG)	330	C	0.029254869
ZmCLE7 (-2483 to +171 relative to ATG)	331	G	0.025994452
ZmCLE7 (-2483 to +171 relative to ATG)	332	G	-0.0016404359
ZmCLE7 (-2483 to +171 relative to ATG)	333	A	-0.00023062095
ZmCLE7 (-2483 to +171 relative to ATG)	334	A	0.0075898715
ZmCLE7 (-2483 to +171 relative to ATG)	335	C	0.011075081
ZmCLE7 (-2483 to +171 relative to ATG)	336	A	-0.0028978852
ZmCLE7 (-2483 to +171 relative to ATG)	337	A	0.0037485887
ZmCLE7 (-2483 to +171 relative to ATG)	338	T	-0.00019714145
ZmCLE7 (-2483 to +171 relative to ATG)	339	T	-0.0035262634
ZmCLE7 (-2483 to +171 relative to ATG)	340	A	-0.0035865945
ZmCLE7 (-2483 to +171 relative to ATG)	341	A	-0.0031449469
ZmCLE7 (-2483 to +171 relative to ATG)	342	G	-0.0036150739
ZmCLE7 (-2483 to +171 relative to ATG)	343	T	-0.0036397565
ZmCLE7 (-2483 to +171 relative to ATG)	344	G	-0.0036104473
ZmCLE7 (-2483 to +171 relative to ATG)	345	G	-0.0019309417
ZmCLE7 (-2483 to +171 relative to ATG)	346	T	-0.0018611553
ZmCLE7 (-2483 to +171 relative to ATG)	347	C	-0.0012067136
ZmCLE7 (-2483 to +171 relative to ATG)	348	G	-0.0028754463
ZmCLE7 (-2483 to +171 relative to ATG)	349	G	-0.003269201
ZmCLE7 (-2483 to +171 relative to ATG)	350	G	0.0008952675
ZmCLE7 (-2483 to +171 relative to ATG)	351	C	-0.008376094
ZmCLE7 (-2483 to +171 relative to ATG)	352	T	-0.0013499112
ZmCLE7 (-2483 to +171 relative to ATG)	353	T	-0.0038179685
ZmCLE7 (-2483 to +171 relative to ATG)	354	A	-0.0035293212
ZmCLE7 (-2483 to +171 relative to ATG)	355	A	-0.005775248
ZmCLE7 (-2483 to +171 relative to ATG)	356	A	0.00017139151
ZmCLE7 (-2483 to +171 relative to ATG)	357	C	0.011035591
ZmCLE7 (-2483 to +171 relative to ATG)	358	G	0.011805501
ZmCLE7 (-2483 to +171 relative to ATG)	359	T	0.0043104156
ZmCLE7 (-2483 to +171 relative to ATG)	360	G	0.005887969
ZmCLE7 (-2483 to +171 relative to ATG)	361	C	-0.0050281547
ZmCLE7 (-2483 to +171 relative to ATG)	362	C	0.0027805425
ZmCLE7 (-2483 to +171 relative to ATG)	363	G	0.0051257494
ZmCLE7 (-2483 to +171 relative to ATG)	364	G	-0.003385706
ZmCLE7 (-2483 to +171 relative to ATG)	365	G	-2.8810844e-05
ZmCLE7 (-2483 to +171 relative to ATG)	366	C	-0.0021434652
ZmCLE7 (-2483 to +171 relative to ATG)	367	T	-0.003564532
ZmCLE7 (-2483 to +171 relative to ATG)	368	C	0.0017398436
ZmCLE7 (-2483 to +171 relative to ATG)	369	A	-0.0024468317
ZmCLE7 (-2483 to +171 relative to ATG)	370	A	-0.0019120835
ZmCLE7 (-2483 to +171 relative to ATG)	371	A	-0.005134098
ZmCLE7 (-2483 to +171 relative to ATG)	372	C	0.0073130974
ZmCLE7 (-2483 to +171 relative to ATG)	373	G	0.0028065422
ZmCLE7 (-2483 to +171 relative to ATG)	374	G	0.0038630026
ZmCLE7 (-2483 to +171 relative to ATG)	375	G	0.001965311
ZmCLE7 (-2483 to +171 relative to ATG)	376	C	-0.0005079489
ZmCLE7 (-2483 to +171 relative to ATG)	377	C	0.005335666
ZmCLE7 (-2483 to +171 relative to ATG)	378	G	0.0053913044
ZmCLE7 (-2483 to +171 relative to ATG)	379	G	0.007946466
ZmCLE7 (-2483 to +171 relative to ATG)	380	G	0.004337913
ZmCLE7 (-2483 to +171 relative to ATG)	381	C	0.003532244
ZmCLE7 (-2483 to +171 relative to ATG)	382	C	0.0055960547
ZmCLE7 (-2483 to +171 relative to ATG)	383	G	-0.00052898366
ZmCLE7 (-2483 to +171 relative to ATG)	384	A	0.00067208486
ZmCLE7 (-2483 to +171 relative to ATG)	385	G	0.0037449524
ZmCLE7 (-2483 to +171 relative to ATG)	386	T	-0.0050537963
ZmCLE7 (-2483 to +171 relative to ATG)	387	C	0.0016213448
ZmCLE7 (-2483 to +171 relative to ATG)	388	G	0.0045711603
ZmCLE7 (-2483 to +171 relative to ATG)	389	G	0.010266675
ZmCLE7 (-2483 to +171 relative to ATG)	390	G	0.006402861
ZmCLE7 (-2483 to +171 relative to ATG)	391	C	0.006540685
ZmCLE7 (-2483 to +171 relative to ATG)	392	T	-0.0033541757
ZmCLE7 (-2483 to +171 relative to ATG)	393	C	-0.0015769028
ZmCLE7 (-2483 to +171 relative to ATG)	394	G	0.00063486566
ZmCLE7 (-2483 to +171 relative to ATG)	395	A	-0.008308218
ZmCLE7 (-2483 to +171 relative to ATG)	396	G	-0.0010203869
ZmCLE7 (-2483 to +171 relative to ATG)	397	C	0.0013731826
ZmCLE7 (-2483 to +171 relative to ATG)	398	T	-0.0032232606
ZmCLE7 (-2483 to +171 relative to ATG)	399	G	0.0024638132
ZmCLE7 (-2483 to +171 relative to ATG)	400	G	0.005307905
ZmCLE7 (-2483 to +171 relative to ATG)	401	G	-0.0056123957
ZmCLE7 (-2483 to +171 relative to ATG)	402	C	0.0025838332
ZmCLE7 (-2483 to +171 relative to ATG)	403	C	0.0077603585
ZmCLE7 (-2483 to +171 relative to ATG)	404	G	0.0051929005
ZmCLE7 (-2483 to +171 relative to ATG)	405	G	0.012078124
ZmCLE7 (-2483 to +171 relative to ATG)	406	G	0.0026941719
ZmCLE7 (-2483 to +171 relative to ATG)	407	C	0.0034255183
ZmCLE7 (-2483 to +171 relative to ATG)	408	C	0.0073898737
ZmCLE7 (-2483 to +171 relative to ATG)	409	G	0.0019451262
ZmCLE7 (-2483 to +171 relative to ATG)	410	G	0.0042294734
ZmCLE7 (-2483 to +171 relative to ATG)	411	G	0.00420425
ZmCLE7 (-2483 to +171 relative to ATG)	412	C	0.004235708
ZmCLE7 (-2483 to +171 relative to ATG)	413	C	0.0077421553
ZmCLE7 (-2483 to +171 relative to ATG)	414	G	0.0035059853
ZmCLE7 (-2483 to +171 relative to ATG)	415	C	0.0015050513
ZmCLE7 (-2483 to +171 relative to ATG)	416	C	0.004276464
ZmCLE7 (-2483 to +171 relative to ATG)	417	C	-0.0002641774
ZmCLE7 (-2483 to +171 relative to ATG)	418	G	0.007848576
ZmCLE7 (-2483 to +171 relative to ATG)	419	T	0.0017716393
ZmCLE7 (-2483 to +171 relative to ATG)	420	T	-0.0010949748
ZmCLE7 (-2483 to +171 relative to ATG)	421	T	0.00643013
ZmCLE7 (-2483 to +171 relative to ATG)	422	G	0.005397739
ZmCLE7 (-2483 to +171 relative to ATG)	423	G	0.0048423978
ZmCLE7 (-2483 to +171 relative to ATG)	424	A	0.004335704
ZmCLE7 (-2483 to +171 relative to ATG)	425	C	0.0023320327
ZmCLE7 (-2483 to +171 relative to ATG)	426	A	-0.0014774492
ZmCLE7 (-2483 to +171 relative to ATG)	427	T	-0.004417541
ZmCLE7 (-2483 to +171 relative to ATG)	428	A	-0.0053159874
ZmCLE7 (-2483 to +171 relative to ATG)	429	T	-0.0050677764
ZmCLE7 (-2483 to +171 relative to ATG)	430	A	-0.0045322413
ZmCLE7 (-2483 to +171 relative to ATG)	431	T	-0.004458098
ZmCLE7 (-2483 to +171 relative to ATG)	432	A	-0.0032190436
ZmCLE7 (-2483 to +171 relative to ATG)	433	G	0.003802506
ZmCLE7 (-2483 to +171 relative to ATG)	434	G	-0.0052741077
ZmCLE7 (-2483 to +171 relative to ATG)	435	T	0.00087394094
ZmCLE7 (-2483 to +171 relative to ATG)	436	A	-0.0010502237
ZmCLE7 (-2483 to +171 relative to ATG)	437	G	0.024706015
ZmCLE7 (-2483 to +171 relative to ATG)	438	A	0.022273686
ZmCLE7 (-2483 to +171 relative to ATG)	439	T	0.02653934
ZmCLE7 (-2483 to +171 relative to ATG)	440	C	0.021809127
ZmCLE7 (-2483 to +171 relative to ATG)	441	G	-0.0019670613
ZmCLE7 (-2483 to +171 relative to ATG)	442	C	0.010213763
ZmCLE7 (-2483 to +171 relative to ATG)	443	G	0.016065061
ZmCLE7 (-2483 to +171 relative to ATG)	444	T	0.014320285
ZmCLE7 (-2483 to +171 relative to ATG)	445	G	0.0075125787
ZmCLE7 (-2483 to +171 relative to ATG)	446	C	0.004067221
ZmCLE7 (-2483 to +171 relative to ATG)	447	G	0.0021208422
ZmCLE7 (-2483 to +171 relative to ATG)	448	T	-0.008370724
ZmCLE7 (-2483 to +171 relative to ATG)	449	A	0.0019845723
ZmCLE7 (-2483 to +171 relative to ATG)	450	C	-0.0025050344
ZmCLE7 (-2483 to +171 relative to ATG)	451	A	-0.0075344737
ZmCLE7 (-2483 to +171 relative to ATG)	452	T	-0.00565733
ZmCLE7 (-2483 to +171 relative to ATG)	453	G	-0.00091671647
ZmCLE7 (-2483 to +171 relative to ATG)	454	G	0.0015448849
ZmCLE7 (-2483 to +171 relative to ATG)	455	A	-0.0024909046
ZmCLE7 (-2483 to +171 relative to ATG)	456	G	-0.0051563336
ZmCLE7 (-2483 to +171 relative to ATG)	457	C	-0.005962147
ZmCLE7 (-2483 to +171 relative to ATG)	458	A	-0.0023776295
ZmCLE7 (-2483 to +171 relative to ATG)	459	A	0.006262193
ZmCLE7 (-2483 to +171 relative to ATG)	460	T	0.0002592151
ZmCLE7 (-2483 to +171 relative to ATG)	461	A	-0.0028156643
ZmCLE7 (-2483 to +171 relative to ATG)	462	T	-0.0057133627
ZmCLE7 (-2483 to +171 relative to ATG)	463	A	-0.00349048
ZmCLE7 (-2483 to +171 relative to ATG)	464	T	-0.005077864
ZmCLE7 (-2483 to +171 relative to ATG)	465	A	-0.0046799146
ZmCLE7 (-2483 to +171 relative to ATG)	466	T	-0.00073936203
ZmCLE7 (-2483 to +171 relative to ATG)	467	G	-3.1587973e-05
ZmCLE7 (-2483 to +171 relative to ATG)	468	T	-0.004712017
ZmCLE7 (-2483 to +171 relative to ATG)	469	A	0.0015641517
ZmCLE7 (-2483 to +171 relative to ATG)	470	G	-0.0031179378
ZmCLE7 (-2483 to +171 relative to ATG)	471	A	0.0068801832
ZmCLE7 (-2483 to +171 relative to ATG)	472	G	-0.002892203
ZmCLE7 (-2483 to +171 relative to ATG)	473	A	-0.0036933303
ZmCLE7 (-2483 to +171 relative to ATG)	474	C	-0.004651995
ZmCLE7 (-2483 to +171 relative to ATG)	475	C	-0.004731363
ZmCLE7 (-2483 to +171 relative to ATG)	476	A	-0.0018907698
ZmCLE7 (-2483 to +171 relative to ATG)	477	A	0.00084709097
ZmCLE7 (-2483 to +171 relative to ATG)	478	C	-0.0030248559
ZmCLE7 (-2483 to +171 relative to ATG)	479	A	-0.0036708512
ZmCLE7 (-2483 to +171 relative to ATG)	480	T	-0.0050592334
ZmCLE7 (-2483 to +171 relative to ATG)	481	G	0.012444041
ZmCLE7 (-2483 to +171 relative to ATG)	482	T	0.0040017245
ZmCLE7 (-2483 to +171 relative to ATG)	483	G	0.005344803
ZmCLE7 (-2483 to +171 relative to ATG)	484	A	-0.003911298
ZmCLE7 (-2483 to +171 relative to ATG)	485	T	0.002121528
ZmCLE7 (-2483 to +171 relative to ATG)	486	A	-0.0015249123
ZmCLE7 (-2483 to +171 relative to ATG)	487	T	0.0025435179
ZmCLE7 (-2483 to +171 relative to ATG)	488	A	-0.0031495309
ZmCLE7 (-2483 to +171 relative to ATG)	489	T	-0.0015183694
ZmCLE7 (-2483 to +171 relative to ATG)	490	T	-0.0007953756
ZmCLE7 (-2483 to +171 relative to ATG)	491	T	-0.0029438685
ZmCLE7 (-2483 to +171 relative to ATG)	492	C	0.00202276
ZmCLE7 (-2483 to +171 relative to ATG)	493	G	0.001248914
ZmCLE7 (-2483 to +171 relative to ATG)	494	A	-0.008072736
ZmCLE7 (-2483 to +171 relative to ATG)	495	C	0.00085200893
ZmCLE7 (-2483 to +171 relative to ATG)	496	C	-0.0010624367
ZmCLE7 (-2483 to +171 relative to ATG)	497	T	-0.002853516
ZmCLE7 (-2483 to +171 relative to ATG)	498	C	-0.0037604326
ZmCLE7 (-2483 to +171 relative to ATG)	499	G	-0.0029214274
ZmCLE7 (-2483 to +171 relative to ATG)	500	T	0.001322741
ZmCLE7 (-2483 to +171 relative to ATG)	501	T	-0.0018768755
ZmCLE7 (-2483 to +171 relative to ATG)	502	T	0.0050418796
ZmCLE7 (-2483 to +171 relative to ATG)	503	G	0.0005487731
ZmCLE7 (-2483 to +171 relative to ATG)	504	A	-0.0044915383
ZmCLE7 (-2483 to +171 relative to ATG)	505	A	-0.007468215
ZmCLE7 (-2483 to +171 relative to ATG)	506	T	-0.003456846
ZmCLE7 (-2483 to +171 relative to ATG)	507	T	-0.003178343
ZmCLE7 (-2483 to +171 relative to ATG)	508	T	-0.0020124526
ZmCLE7 (-2483 to +171 relative to ATG)	509	A	0.00025753176
ZmCLE7 (-2483 to +171 relative to ATG)	510	G	0.005691003
ZmCLE7 (-2483 to +171 relative to ATG)	511	A	0.0037463624
ZmCLE7 (-2483 to +171 relative to ATG)	512	T	0.00053953734
ZmCLE7 (-2483 to +171 relative to ATG)	513	G	-0.004040259
ZmCLE7 (-2483 to +171 relative to ATG)	514	A	-0.0023256096
ZmCLE7 (-2483 to +171 relative to ATG)	515	A	-0.0004200854
ZmCLE7 (-2483 to +171 relative to ATG)	516	A	-0.0035078544
ZmCLE7 (-2483 to +171 relative to ATG)	517	C	0.0042068297
ZmCLE7 (-2483 to +171 relative to ATG)	518	A	0.00082451076
ZmCLE7 (-2483 to +171 relative to ATG)	519	A	0.007962881
ZmCLE7 (-2483 to +171 relative to ATG)	520	G	-0.0008547158
ZmCLE7 (-2483 to +171 relative to ATG)	521	T	0.005224819
ZmCLE7 (-2483 to +171 relative to ATG)	522	T	-0.0037494642
ZmCLE7 (-2483 to +171 relative to ATG)	523	G	0.0056755813
ZmCLE7 (-2483 to +171 relative to ATG)	524	A	-0.008566397
ZmCLE7 (-2483 to +171 relative to ATG)	525	G	0.0021271813
ZmCLE7 (-2483 to +171 relative to ATG)	526	A	-0.0020962523
ZmCLE7 (-2483 to +171 relative to ATG)	527	G	-0.004618458
ZmCLE7 (-2483 to +171 relative to ATG)	528	T	-0.0036131623
ZmCLE7 (-2483 to +171 relative to ATG)	529	A	-0.007480582
ZmCLE7 (-2483 to +171 relative to ATG)	530	G	-6.271428e-05
ZmCLE7 (-2483 to +171 relative to ATG)	531	G	-0.00078993203
ZmCLE7 (-2483 to +171 relative to ATG)	532	G	-0.0054694964
ZmCLE7 (-2483 to +171 relative to ATG)	533	A	0.0040823957
ZmCLE7 (-2483 to +171 relative to ATG)	534	T	-0.0036238432
ZmCLE7 (-2483 to +171 relative to ATG)	535	G	0.0049442668
ZmCLE7 (-2483 to +171 relative to ATG)	536	A	-0.00661939
ZmCLE7 (-2483 to +171 relative to ATG)	537	A	0.0011189756
ZmCLE7 (-2483 to +171 relative to ATG)	538	A	-0.006045099
ZmCLE7 (-2483 to +171 relative to ATG)	539	A	-0.0013084547
ZmCLE7 (-2483 to +171 relative to ATG)	540	C	0.002457748
ZmCLE7 (-2483 to +171 relative to ATG)	541	G	0.003786809
ZmCLE7 (-2483 to +171 relative to ATG)	542	G	0.004641295
ZmCLE7 (-2483 to +171 relative to ATG)	543	A	0.0022454793
ZmCLE7 (-2483 to +171 relative to ATG)	544	C	0.0072251293
ZmCLE7 (-2483 to +171 relative to ATG)	545	G	0.010866519
ZmCLE7 (-2483 to +171 relative to ATG)	546	G	0.006793969
ZmCLE7 (-2483 to +171 relative to ATG)	547	A	0.005299405
ZmCLE7 (-2483 to +171 relative to ATG)	548	A	-0.0013337105
ZmCLE7 (-2483 to +171 relative to ATG)	549	A	-0.004094966
ZmCLE7 (-2483 to +171 relative to ATG)	550	C	-0.0035746307
ZmCLE7 (-2483 to +171 relative to ATG)	551	A	-0.0036991176
ZmCLE7 (-2483 to +171 relative to ATG)	552	G	0.0055394405
ZmCLE7 (-2483 to +171 relative to ATG)	553	A	-0.004446384
ZmCLE7 (-2483 to +171 relative to ATG)	554	C	0.007406129
ZmCLE7 (-2483 to +171 relative to ATG)	555	G	0.01658264
ZmCLE7 (-2483 to +171 relative to ATG)	556	G	0.009114147
ZmCLE7 (-2483 to +171 relative to ATG)	557	A	0.006474499
ZmCLE7 (-2483 to +171 relative to ATG)	558	A	0.005197476
ZmCLE7 (-2483 to +171 relative to ATG)	559	A	0.0024288828
ZmCLE7 (-2483 to +171 relative to ATG)	560	A	0.011323338
ZmCLE7 (-2483 to +171 relative to ATG)	561	C	-0.00080271676
ZmCLE7 (-2483 to +171 relative to ATG)	562	T	0.010636925
ZmCLE7 (-2483 to +171 relative to ATG)	563	C	0.0111530805
ZmCLE7 (-2483 to +171 relative to ATG)	564	T	0.006423705
ZmCLE7 (-2483 to +171 relative to ATG)	565	T	0.007629658
ZmCLE7 (-2483 to +171 relative to ATG)	566	C	0.0058602975
ZmCLE7 (-2483 to +171 relative to ATG)	567	T	-0.0015218678
ZmCLE7 (-2483 to +171 relative to ATG)	568	C	-0.0018316673
ZmCLE7 (-2483 to +171 relative to ATG)	569	C	0.0019188273
ZmCLE7 (-2483 to +171 relative to ATG)	570	C	0.0060592215
ZmCLE7 (-2483 to +171 relative to ATG)	571	G	1.7920745e-05
ZmCLE7 (-2483 to +171 relative to ATG)	572	T	0.004564158
ZmCLE7 (-2483 to +171 relative to ATG)	573	T	0.0017693593
ZmCLE7 (-2483 to +171 relative to ATG)	574	T	0.009344991
ZmCLE7 (-2483 to +171 relative to ATG)	575	C	0.01129759
ZmCLE7 (-2483 to +171 relative to ATG)	576	C	0.0053851
ZmCLE7 (-2483 to +171 relative to ATG)	577	G	-0.0009006328
ZmCLE7 (-2483 to +171 relative to ATG)	578	C	-0.003813348
ZmCLE7 (-2483 to +171 relative to ATG)	579	T	-0.008871088
ZmCLE7 (-2483 to +171 relative to ATG)	580	C	-0.0044182492
ZmCLE7 (-2483 to +171 relative to ATG)	581	C	9.168228e-05
ZmCLE7 (-2483 to +171 relative to ATG)	582	C	0.0077867243
ZmCLE7 (-2483 to +171 relative to ATG)	583	G	-0.0004649961
ZmCLE7 (-2483 to +171 relative to ATG)	584	C	0.0040836986
ZmCLE7 (-2483 to +171 relative to ATG)	585	A	0.0015928826
ZmCLE7 (-2483 to +171 relative to ATG)	586	A	-0.00011141001
ZmCLE7 (-2483 to +171 relative to ATG)	587	T	-0.0028085338
ZmCLE7 (-2483 to +171 relative to ATG)	588	T	-0.00066579366
ZmCLE7 (-2483 to +171 relative to ATG)	589	T	-0.0020553023
ZmCLE7 (-2483 to +171 relative to ATG)	590	A	-0.0040359786
ZmCLE7 (-2483 to +171 relative to ATG)	591	T	0.0020540361
ZmCLE7 (-2483 to +171 relative to ATG)	592	C	-0.0089918235
ZmCLE7 (-2483 to +171 relative to ATG)	593	A	0.0024423192
ZmCLE7 (-2483 to +171 relative to ATG)	594	T	0.003643977
ZmCLE7 (-2483 to +171 relative to ATG)	595	C	0.0016007393
ZmCLE7 (-2483 to +171 relative to ATG)	596	G	-0.0027134216
ZmCLE7 (-2483 to +171 relative to ATG)	597	G	0.0024870113
ZmCLE7 (-2483 to +171 relative to ATG)	598	A	0.0026962468
ZmCLE7 (-2483 to +171 relative to ATG)	599	A	0.005260288
ZmCLE7 (-2483 to +171 relative to ATG)	600	A	-0.0008169651
ZmCLE7 (-2483 to +171 relative to ATG)	601	C	0.004507529
ZmCLE7 (-2483 to +171 relative to ATG)	602	G	0.0028423043
ZmCLE7 (-2483 to +171 relative to ATG)	603	G	0.0011655384
ZmCLE7 (-2483 to +171 relative to ATG)	604	G	0.0020359303
ZmCLE7 (-2483 to +171 relative to ATG)	605	T	-0.0026247997
ZmCLE7 (-2483 to +171 relative to ATG)	606	T	0.00036763004
ZmCLE7 (-2483 to +171 relative to ATG)	607	C	0.004893074
ZmCLE7 (-2483 to +171 relative to ATG)	608	G	0.0045109866
ZmCLE7 (-2483 to +171 relative to ATG)	609	G	-0.001173986
ZmCLE7 (-2483 to +171 relative to ATG)	610	G	-0.001612823
ZmCLE7 (-2483 to +171 relative to ATG)	611	A	-0.004907106
ZmCLE7 (-2483 to +171 relative to ATG)	612	G	-0.008586198
ZmCLE7 (-2483 to +171 relative to ATG)	613	C	0.0022676531
ZmCLE7 (-2483 to +171 relative to ATG)	614	G	0.005467715
ZmCLE7 (-2483 to +171 relative to ATG)	615	G	0.013603683
ZmCLE7 (-2483 to +171 relative to ATG)	616	A	0.0026698958
ZmCLE7 (-2483 to +171 relative to ATG)	617	A	-0.00507457
ZmCLE7 (-2483 to +171 relative to ATG)	618	C	-0.0019102484
ZmCLE7 (-2483 to +171 relative to ATG)	619	A	0.0018368656
ZmCLE7 (-2483 to +171 relative to ATG)	620	A	0.002157753
ZmCLE7 (-2483 to +171 relative to ATG)	621	C	0.0020738174
ZmCLE7 (-2483 to +171 relative to ATG)	622	C	0.003593311
ZmCLE7 (-2483 to +171 relative to ATG)	623	A	0.0022145254
ZmCLE7 (-2483 to +171 relative to ATG)	624	C	0.001034845
ZmCLE7 (-2483 to +171 relative to ATG)	625	G	0.0023143918
ZmCLE7 (-2483 to +171 relative to ATG)	626	A	-0.0025808134
ZmCLE7 (-2483 to +171 relative to ATG)	627	A	-0.0019500201
ZmCLE7 (-2483 to +171 relative to ATG)	628	C	0.0045945565
ZmCLE7 (-2483 to +171 relative to ATG)	629	G	0.007866816
ZmCLE7 (-2483 to +171 relative to ATG)	630	G	0.010342123
ZmCLE7 (-2483 to +171 relative to ATG)	631	A	0.0015952431
ZmCLE7 (-2483 to +171 relative to ATG)	632	A	0.004122282
ZmCLE7 (-2483 to +171 relative to ATG)	633	G	0.0025477663
ZmCLE7 (-2483 to +171 relative to ATG)	634	T	0.0039075622
ZmCLE7 (-2483 to +171 relative to ATG)	635	C	0.006253481
ZmCLE7 (-2483 to +171 relative to ATG)	636	G	0.006876491
ZmCLE7 (-2483 to +171 relative to ATG)	637	G	0.0071270913
ZmCLE7 (-2483 to +171 relative to ATG)	638	T	-0.005532876
ZmCLE7 (-2483 to +171 relative to ATG)	639	C	0.0034502307
ZmCLE7 (-2483 to +171 relative to ATG)	640	A	-0.0027797467
ZmCLE7 (-2483 to +171 relative to ATG)	641	G	-0.0033773636
ZmCLE7 (-2483 to +171 relative to ATG)	642	G	-0.0017283986
ZmCLE7 (-2483 to +171 relative to ATG)	643	T	-0.0028033424
ZmCLE7 (-2483 to +171 relative to ATG)	644	T	-0.0008972261
ZmCLE7 (-2483 to +171 relative to ATG)	645	T	-0.0021360128
ZmCLE7 (-2483 to +171 relative to ATG)	646	A	0.000587842
ZmCLE7 (-2483 to +171 relative to ATG)	647	T	-0.0037685267
ZmCLE7 (-2483 to +171 relative to ATG)	648	A	0.0026732709
ZmCLE7 (-2483 to +171 relative to ATG)	649	C	0.00952955
ZmCLE7 (-2483 to +171 relative to ATG)	650	G	0.0038032357
ZmCLE7 (-2483 to +171 relative to ATG)	651	G	0.005179774
ZmCLE7 (-2483 to +171 relative to ATG)	652	G	0.002544787
ZmCLE7 (-2483 to +171 relative to ATG)	653	T	0.00022639922
ZmCLE7 (-2483 to +171 relative to ATG)	654	T	-0.005036328
ZmCLE7 (-2483 to +171 relative to ATG)	655	T	-0.002560707
ZmCLE7 (-2483 to +171 relative to ATG)	656	A	-0.007139752
ZmCLE7 (-2483 to +171 relative to ATG)	657	C	0.0035095478
ZmCLE7 (-2483 to +171 relative to ATG)	658	G	-0.00040298083
ZmCLE7 (-2483 to +171 relative to ATG)	659	G	0.003798346
ZmCLE7 (-2483 to +171 relative to ATG)	660	A	-0.00026158086
ZmCLE7 (-2483 to +171 relative to ATG)	661	A	0.0038946196
ZmCLE7 (-2483 to +171 relative to ATG)	662	A	-0.00385952
ZmCLE7 (-2483 to +171 relative to ATG)	663	T	-0.0066600484
ZmCLE7 (-2483 to +171 relative to ATG)	664	G	-0.0011924835
ZmCLE7 (-2483 to +171 relative to ATG)	665	A	0.0028180683
ZmCLE7 (-2483 to +171 relative to ATG)	666	A	-0.0012722438
ZmCLE7 (-2483 to +171 relative to ATG)	667	C	0.004964434
ZmCLE7 (-2483 to +171 relative to ATG)	668	C	0.0044429544
ZmCLE7 (-2483 to +171 relative to ATG)	669	A	0.0021488408
ZmCLE7 (-2483 to +171 relative to ATG)	670	A	0.011570878
ZmCLE7 (-2483 to +171 relative to ATG)	671	A	0.009262705
ZmCLE7 (-2483 to +171 relative to ATG)	672	A	0.0013684207
ZmCLE7 (-2483 to +171 relative to ATG)	673	C	0.008952013
ZmCLE7 (-2483 to +171 relative to ATG)	674	C	0.0045022843
ZmCLE7 (-2483 to +171 relative to ATG)	675	G	0.014618833
ZmCLE7 (-2483 to +171 relative to ATG)	676	C	-0.0020962611
ZmCLE7 (-2483 to +171 relative to ATG)	677	G	0.0013659352
ZmCLE7 (-2483 to +171 relative to ATG)	678	G	0.0040002055
ZmCLE7 (-2483 to +171 relative to ATG)	679	A	0.0044146557
ZmCLE7 (-2483 to +171 relative to ATG)	680	A	0.002122338
ZmCLE7 (-2483 to +171 relative to ATG)	681	A	-0.0002759558
ZmCLE7 (-2483 to +171 relative to ATG)	682	A	-0.0019866095
ZmCLE7 (-2483 to +171 relative to ATG)	683	T	-0.0055731316
ZmCLE7 (-2483 to +171 relative to ATG)	684	T	-0.010740562
ZmCLE7 (-2483 to +171 relative to ATG)	685	A	0.001055847
ZmCLE7 (-2483 to +171 relative to ATG)	686	A	-0.004036929
ZmCLE7 (-2483 to +171 relative to ATG)	687	C	-0.009989017
ZmCLE7 (-2483 to +171 relative to ATG)	688	C	0.00037710604
ZmCLE7 (-2483 to +171 relative to ATG)	689	G	0.0010057935
ZmCLE7 (-2483 to +171 relative to ATG)	690	A	0.0031421557
ZmCLE7 (-2483 to +171 relative to ATG)	691	A	0.0038771906
ZmCLE7 (-2483 to +171 relative to ATG)	692	A	0.00023234243
ZmCLE7 (-2483 to +171 relative to ATG)	693	A	-0.0012992601
ZmCLE7 (-2483 to +171 relative to ATG)	694	C	-0.00033756703
ZmCLE7 (-2483 to +171 relative to ATG)	695	G	0.002855248
ZmCLE7 (-2483 to +171 relative to ATG)	696	G	0.0034199948
ZmCLE7 (-2483 to +171 relative to ATG)	697	A	-5.7713973e-05
ZmCLE7 (-2483 to +171 relative to ATG)	698	C	0.007482271
ZmCLE7 (-2483 to +171 relative to ATG)	699	G	0.008897518
ZmCLE7 (-2483 to +171 relative to ATG)	700	G	0.008222799
ZmCLE7 (-2483 to +171 relative to ATG)	701	A	0.0046964143
ZmCLE7 (-2483 to +171 relative to ATG)	702	A	6.014216e-05
ZmCLE7 (-2483 to +171 relative to ATG)	703	T	-0.0025338288
ZmCLE7 (-2483 to +171 relative to ATG)	704	T	0.0043147937
ZmCLE7 (-2483 to +171 relative to ATG)	705	T	0.00017389054
ZmCLE7 (-2483 to +171 relative to ATG)	706	G	-0.0016414848
ZmCLE7 (-2483 to +171 relative to ATG)	707	C	0.0008753703
ZmCLE7 (-2483 to +171 relative to ATG)	708	C	-0.0005680609
ZmCLE7 (-2483 to +171 relative to ATG)	709	T	-9.014942e-05
ZmCLE7 (-2483 to +171 relative to ATG)	710	C	-0.0016575836
ZmCLE7 (-2483 to +171 relative to ATG)	711	A	-0.0034014147
ZmCLE7 (-2483 to +171 relative to ATG)	712	A	-0.003589308
ZmCLE7 (-2483 to +171 relative to ATG)	713	C	-0.0020834291
ZmCLE7 (-2483 to +171 relative to ATG)	714	G	0.0034586461
ZmCLE7 (-2483 to +171 relative to ATG)	715	G	0.0031157462
ZmCLE7 (-2483 to +171 relative to ATG)	716	A	0.003973041
ZmCLE7 (-2483 to +171 relative to ATG)	717	A	0.0020830778
ZmCLE7 (-2483 to +171 relative to ATG)	718	A	-0.00121051
ZmCLE7 (-2483 to +171 relative to ATG)	719	A	0.0010098973
ZmCLE7 (-2483 to +171 relative to ATG)	720	A	0.0017413202
ZmCLE7 (-2483 to +171 relative to ATG)	721	A	-0.002361355
ZmCLE7 (-2483 to +171 relative to ATG)	722	T	-0.005452621
ZmCLE7 (-2483 to +171 relative to ATG)	723	T	-0.013951833
ZmCLE7 (-2483 to +171 relative to ATG)	724	A	0.0026061966
ZmCLE7 (-2483 to +171 relative to ATG)	725	A	-0.0057786414
ZmCLE7 (-2483 to +171 relative to ATG)	726	C	-0.007625631
ZmCLE7 (-2483 to +171 relative to ATG)	727	C	0.0006457639
ZmCLE7 (-2483 to +171 relative to ATG)	728	G	-0.00037423027
ZmCLE7 (-2483 to +171 relative to ATG)	729	G	0.0030782928
ZmCLE7 (-2483 to +171 relative to ATG)	730	A	0.005016762
ZmCLE7 (-2483 to +171 relative to ATG)	731	A	0.0029489424
ZmCLE7 (-2483 to +171 relative to ATG)	732	A	-0.0023513006
ZmCLE7 (-2483 to +171 relative to ATG)	733	C	-0.006769622
ZmCLE7 (-2483 to +171 relative to ATG)	734	A	-0.0019421348
ZmCLE7 (-2483 to +171 relative to ATG)	735	A	0.0061672456
ZmCLE7 (-2483 to +171 relative to ATG)	736	A	-0.003125522
ZmCLE7 (-2483 to +171 relative to ATG)	737	C	-0.006972188
ZmCLE7 (-2483 to +171 relative to ATG)	738	A	-0.009508534
ZmCLE7 (-2483 to +171 relative to ATG)	739	C	-0.0052939276
ZmCLE7 (-2483 to +171 relative to ATG)	740	T	-0.015524662
ZmCLE7 (-2483 to +171 relative to ATG)	741	C	0.0016421223
ZmCLE7 (-2483 to +171 relative to ATG)	742	A	-0.0022472104
ZmCLE7 (-2483 to +171 relative to ATG)	743	C	-0.002085272
ZmCLE7 (-2483 to +171 relative to ATG)	744	A	0.0009410547
ZmCLE7 (-2483 to +171 relative to ATG)	745	A	0.0058109085
ZmCLE7 (-2483 to +171 relative to ATG)	746	G	0.0016294563
ZmCLE7 (-2483 to +171 relative to ATG)	747	G	-0.002181965
ZmCLE7 (-2483 to +171 relative to ATG)	748	T	-0.009901806
ZmCLE7 (-2483 to +171 relative to ATG)	749	G	-0.004195181
ZmCLE7 (-2483 to +171 relative to ATG)	750	T	0.004606024
ZmCLE7 (-2483 to +171 relative to ATG)	751	T	-0.00402826
ZmCLE7 (-2483 to +171 relative to ATG)	752	G	-0.0035813327
ZmCLE7 (-2483 to +171 relative to ATG)	753	T	-0.0019843858
ZmCLE7 (-2483 to +171 relative to ATG)	754	A	0.0029927029
ZmCLE7 (-2483 to +171 relative to ATG)	755	G	0.0029112077
ZmCLE7 (-2483 to +171 relative to ATG)	756	C	0.0024172582
ZmCLE7 (-2483 to +171 relative to ATG)	757	C	0.00041412318
ZmCLE7 (-2483 to +171 relative to ATG)	758	A	-0.0051438008
ZmCLE7 (-2483 to +171 relative to ATG)	759	T	-0.0052167946
ZmCLE7 (-2483 to +171 relative to ATG)	760	A	0.004995036
ZmCLE7 (-2483 to +171 relative to ATG)	761	G	0.007331358
ZmCLE7 (-2483 to +171 relative to ATG)	762	T	0.000109326815
ZmCLE7 (-2483 to +171 relative to ATG)	763	C	0.021268334
ZmCLE7 (-2483 to +171 relative to ATG)	764	C	0.014435475
ZmCLE7 (-2483 to +171 relative to ATG)	765	A	0.008302302
ZmCLE7 (-2483 to +171 relative to ATG)	766	A	0.0072647887
ZmCLE7 (-2483 to +171 relative to ATG)	767	A	0.001114097
ZmCLE7 (-2483 to +171 relative to ATG)	768	T	0.0063284785
ZmCLE7 (-2483 to +171 relative to ATG)	769	T	0.0026473196
ZmCLE7 (-2483 to +171 relative to ATG)	770	C	0.0048530065
ZmCLE7 (-2483 to +171 relative to ATG)	771	A	0.0050534597
ZmCLE7 (-2483 to +171 relative to ATG)	772	A	0.004994679
ZmCLE7 (-2483 to +171 relative to ATG)	773	T	0.0073303604
ZmCLE7 (-2483 to +171 relative to ATG)	774	A	-0.006479968
ZmCLE7 (-2483 to +171 relative to ATG)	775	G	0.0020511835
ZmCLE7 (-2483 to +171 relative to ATG)	776	T	0.0006977917
ZmCLE7 (-2483 to +171 relative to ATG)	777	C	0.011029472
ZmCLE7 (-2483 to +171 relative to ATG)	778	C	-0.006711864
ZmCLE7 (-2483 to +171 relative to ATG)	779	A	-0.00037513155
ZmCLE7 (-2483 to +171 relative to ATG)	780	C	-0.0031370162
ZmCLE7 (-2483 to +171 relative to ATG)	781	T	-0.013556855
ZmCLE7 (-2483 to +171 relative to ATG)	782	A	0.00913762
ZmCLE7 (-2483 to +171 relative to ATG)	783	A	0.0018016443
ZmCLE7 (-2483 to +171 relative to ATG)	784	A	0.00258921
ZmCLE7 (-2483 to +171 relative to ATG)	785	C	-0.001240266
ZmCLE7 (-2483 to +171 relative to ATG)	786	A	-0.00031240552
ZmCLE7 (-2483 to +171 relative to ATG)	787	A	0.0065283277
ZmCLE7 (-2483 to +171 relative to ATG)	788	C	0.0009373308
ZmCLE7 (-2483 to +171 relative to ATG)	789	G	0.00025219485
ZmCLE7 (-2483 to +171 relative to ATG)	790	A	-0.00307057
ZmCLE7 (-2483 to +171 relative to ATG)	791	G	0.0051243138
ZmCLE7 (-2483 to +171 relative to ATG)	792	A	0.0013267309
ZmCLE7 (-2483 to +171 relative to ATG)	793	A	0.0023925274
ZmCLE7 (-2483 to +171 relative to ATG)	794	A	0.005500512
ZmCLE7 (-2483 to +171 relative to ATG)	795	A	0.0021670994
ZmCLE7 (-2483 to +171 relative to ATG)	796	T	-0.0055681425
ZmCLE7 (-2483 to +171 relative to ATG)	797	A	0.003791882
ZmCLE7 (-2483 to +171 relative to ATG)	798	A	0.0013410368
ZmCLE7 (-2483 to +171 relative to ATG)	799	G	0.010562109
ZmCLE7 (-2483 to +171 relative to ATG)	800	T	0.01208482
ZmCLE7 (-2483 to +171 relative to ATG)	801	C	0.01161371
ZmCLE7 (-2483 to +171 relative to ATG)	802	C	0.00085287145
ZmCLE7 (-2483 to +171 relative to ATG)	803	A	8.517359e-05
ZmCLE7 (-2483 to +171 relative to ATG)	804	C	-0.004933915
ZmCLE7 (-2483 to +171 relative to ATG)	805	A	0.00065334485
ZmCLE7 (-2483 to +171 relative to ATG)	806	T	0.0003040207
ZmCLE7 (-2483 to +171 relative to ATG)	807	T	-0.0036280972
ZmCLE7 (-2483 to +171 relative to ATG)	808	A	-0.014863444
ZmCLE7 (-2483 to +171 relative to ATG)	809	C	-0.0005054247
ZmCLE7 (-2483 to +171 relative to ATG)	810	C	0.003472723
ZmCLE7 (-2483 to +171 relative to ATG)	811	A	0.0024876846
ZmCLE7 (-2483 to +171 relative to ATG)	812	C	0.0012556546
ZmCLE7 (-2483 to +171 relative to ATG)	813	A	-0.002218672
ZmCLE7 (-2483 to +171 relative to ATG)	814	T	0.003806781
ZmCLE7 (-2483 to +171 relative to ATG)	815	G	0.0069211363
ZmCLE7 (-2483 to +171 relative to ATG)	816	A	-0.0024955194
ZmCLE7 (-2483 to +171 relative to ATG)	817	T	-0.0005944615
ZmCLE7 (-2483 to +171 relative to ATG)	818	T	-0.006062638
ZmCLE7 (-2483 to +171 relative to ATG)	819	A	-0.00694983
ZmCLE7 (-2483 to +171 relative to ATG)	820	T	0.0018874775
ZmCLE7 (-2483 to +171 relative to ATG)	821	A	-0.008567857
ZmCLE7 (-2483 to +171 relative to ATG)	822	T	0.0019099602
ZmCLE7 (-2483 to +171 relative to ATG)	823	G	0.006980633
ZmCLE7 (-2483 to +171 relative to ATG)	824	A	-0.0057293447
ZmCLE7 (-2483 to +171 relative to ATG)	825	C	-0.0073426487
ZmCLE7 (-2483 to +171 relative to ATG)	826	C	-0.0011327429
ZmCLE7 (-2483 to +171 relative to ATG)	827	A	-0.0020826298
ZmCLE7 (-2483 to +171 relative to ATG)	828	C	-0.011848478
ZmCLE7 (-2483 to +171 relative to ATG)	829	A	-0.0014429024
ZmCLE7 (-2483 to +171 relative to ATG)	830	T	-0.0008781703
ZmCLE7 (-2483 to +171 relative to ATG)	831	A	0.0022014892
ZmCLE7 (-2483 to +171 relative to ATG)	832	G	-0.0068940725
ZmCLE7 (-2483 to +171 relative to ATG)	833	C	0.004174726
ZmCLE7 (-2483 to +171 relative to ATG)	834	C	-0.0051141772
ZmCLE7 (-2483 to +171 relative to ATG)	835	A	-0.010935256
ZmCLE7 (-2483 to +171 relative to ATG)	836	C	-0.013188059
ZmCLE7 (-2483 to +171 relative to ATG)	837	T	-0.013169896
ZmCLE7 (-2483 to +171 relative to ATG)	838	G	-0.0070026424
ZmCLE7 (-2483 to +171 relative to ATG)	839	A	-0.0057671024
ZmCLE7 (-2483 to +171 relative to ATG)	840	A	0.0039720554
ZmCLE7 (-2483 to +171 relative to ATG)	841	C	-0.02168251
ZmCLE7 (-2483 to +171 relative to ATG)	842	A	-0.006731318
ZmCLE7 (-2483 to +171 relative to ATG)	843	A	-0.0068282583
ZmCLE7 (-2483 to +171 relative to ATG)	844	C	-0.03441686
ZmCLE7 (-2483 to +171 relative to ATG)	845	A	-0.013812859
ZmCLE7 (-2483 to +171 relative to ATG)	846	G	-0.0034973905
ZmCLE7 (-2483 to +171 relative to ATG)	847	A	-0.0066765468
ZmCLE7 (-2483 to +171 relative to ATG)	848	A	0.002043241
ZmCLE7 (-2483 to +171 relative to ATG)	849	A	-0.0005269415
ZmCLE7 (-2483 to +171 relative to ATG)	850	A	0.0047471044
ZmCLE7 (-2483 to +171 relative to ATG)	851	A	0.0053997133
ZmCLE7 (-2483 to +171 relative to ATG)	852	A	0.005787538
ZmCLE7 (-2483 to +171 relative to ATG)	853	T	-0.003031653
ZmCLE7 (-2483 to +171 relative to ATG)	854	A	0.00049230235
ZmCLE7 (-2483 to +171 relative to ATG)	855	A	0.0030137564
ZmCLE7 (-2483 to +171 relative to ATG)	856	G	0.010105673
ZmCLE7 (-2483 to +171 relative to ATG)	857	A	0.009031836
ZmCLE7 (-2483 to +171 relative to ATG)	858	T	0.0042065284
ZmCLE7 (-2483 to +171 relative to ATG)	859	T	0.0052430057
ZmCLE7 (-2483 to +171 relative to ATG)	860	T	0.0053332658
ZmCLE7 (-2483 to +171 relative to ATG)	861	C	0.0071687726
ZmCLE7 (-2483 to +171 relative to ATG)	862	T	0.008052896
ZmCLE7 (-2483 to +171 relative to ATG)	863	T	-0.0009987022
ZmCLE7 (-2483 to +171 relative to ATG)	864	C	0.003974879
ZmCLE7 (-2483 to +171 relative to ATG)	865	A	-0.014145987
ZmCLE7 (-2483 to +171 relative to ATG)	866	C	-0.006191137
ZmCLE7 (-2483 to +171 relative to ATG)	867	A	-0.00442974
ZmCLE7 (-2483 to +171 relative to ATG)	868	G	0.001007981
ZmCLE7 (-2483 to +171 relative to ATG)	869	C	0.0036228362
ZmCLE7 (-2483 to +171 relative to ATG)	870	C	0.004300084
ZmCLE7 (-2483 to +171 relative to ATG)	871	T	-0.0014257572
ZmCLE7 (-2483 to +171 relative to ATG)	872	G	-0.0037513936
ZmCLE7 (-2483 to +171 relative to ATG)	873	C	0.0037628275
ZmCLE7 (-2483 to +171 relative to ATG)	874	C	0.0022981302
ZmCLE7 (-2483 to +171 relative to ATG)	875	A	-0.012135005
ZmCLE7 (-2483 to +171 relative to ATG)	876	T	-0.011532335
ZmCLE7 (-2483 to +171 relative to ATG)	877	G	-0.0018419855
ZmCLE7 (-2483 to +171 relative to ATG)	878	T	0.003009539
ZmCLE7 (-2483 to +171 relative to ATG)	879	T	-0.00035093792
ZmCLE7 (-2483 to +171 relative to ATG)	880	C	0.0002736994
ZmCLE7 (-2483 to +171 relative to ATG)	881	A	0.0021793726
ZmCLE7 (-2483 to +171 relative to ATG)	882	T	0.0026142267
ZmCLE7 (-2483 to +171 relative to ATG)	883	T	-0.006163189
ZmCLE7 (-2483 to +171 relative to ATG)	884	C	0.002176402
ZmCLE7 (-2483 to +171 relative to ATG)	885	A	-0.0015981921
ZmCLE7 (-2483 to +171 relative to ATG)	886	T	0.0039092763
ZmCLE7 (-2483 to +171 relative to ATG)	887	G	0.0071216533
ZmCLE7 (-2483 to +171 relative to ATG)	888	A	0.0027085377
ZmCLE7 (-2483 to +171 relative to ATG)	889	A	0.0014386411
ZmCLE7 (-2483 to +171 relative to ATG)	890	T	0.0037340974
ZmCLE7 (-2483 to +171 relative to ATG)	891	T	-0.0044906856
ZmCLE7 (-2483 to +171 relative to ATG)	892	G	0.0057345177
ZmCLE7 (-2483 to +171 relative to ATG)	893	G	0.00626933
ZmCLE7 (-2483 to +171 relative to ATG)	894	G	0.0022914293
ZmCLE7 (-2483 to +171 relative to ATG)	895	A	0.00039666303
ZmCLE7 (-2483 to +171 relative to ATG)	896	A	0.0070211836
ZmCLE7 (-2483 to +171 relative to ATG)	897	T	-0.004194696
ZmCLE7 (-2483 to +171 relative to ATG)	898	C	-0.00034637522
ZmCLE7 (-2483 to +171 relative to ATG)	899	A	-0.021802815
ZmCLE7 (-2483 to +171 relative to ATG)	900	C	-0.003973104
ZmCLE7 (-2483 to +171 relative to ATG)	901	T	-0.0026318866
ZmCLE7 (-2483 to +171 relative to ATG)	902	A	0.01217385
ZmCLE7 (-2483 to +171 relative to ATG)	903	T	0.012390574
ZmCLE7 (-2483 to +171 relative to ATG)	904	C	-0.0018357447
ZmCLE7 (-2483 to +171 relative to ATG)	905	C	0.0074574756
ZmCLE7 (-2483 to +171 relative to ATG)	906	C	0.003471811
ZmCLE7 (-2483 to +171 relative to ATG)	907	G	0.0022078727
ZmCLE7 (-2483 to +171 relative to ATG)	908	A	-0.009408092
ZmCLE7 (-2483 to +171 relative to ATG)	909	C	-0.0056658625
ZmCLE7 (-2483 to +171 relative to ATG)	910	C	-0.0023205397
ZmCLE7 (-2483 to +171 relative to ATG)	911	T	0.0028272874
ZmCLE7 (-2483 to +171 relative to ATG)	912	T	-0.0109026795
ZmCLE7 (-2483 to +171 relative to ATG)	913	G	0.0040270486
ZmCLE7 (-2483 to +171 relative to ATG)	914	A	0.012877389
ZmCLE7 (-2483 to +171 relative to ATG)	915	T	0.011071289
ZmCLE7 (-2483 to +171 relative to ATG)	916	C	0.007893747
ZmCLE7 (-2483 to +171 relative to ATG)	917	C	0.0029379134
ZmCLE7 (-2483 to +171 relative to ATG)	918	T	-0.007814786
ZmCLE7 (-2483 to +171 relative to ATG)	919	A	-0.0031841884
ZmCLE7 (-2483 to +171 relative to ATG)	920	T	0.009207132
ZmCLE7 (-2483 to +171 relative to ATG)	921	A	0.0012507342
ZmCLE7 (-2483 to +171 relative to ATG)	922	T	0.0034037281
ZmCLE7 (-2483 to +171 relative to ATG)	923	T	0.006206227
ZmCLE7 (-2483 to +171 relative to ATG)	924	T	0.00067963114
ZmCLE7 (-2483 to +171 relative to ATG)	925	T	0.0036315687
ZmCLE7 (-2483 to +171 relative to ATG)	926	A	0.0050787902
ZmCLE7 (-2483 to +171 relative to ATG)	927	G	0.0032908397
ZmCLE7 (-2483 to +171 relative to ATG)	928	A	0.0030242861
ZmCLE7 (-2483 to +171 relative to ATG)	929	A	-0.0006841491
ZmCLE7 (-2483 to +171 relative to ATG)	930	T	-0.0091193365
ZmCLE7 (-2483 to +171 relative to ATG)	931	A	0.0058389157
ZmCLE7 (-2483 to +171 relative to ATG)	932	C	0.027180545
ZmCLE7 (-2483 to +171 relative to ATG)	933	A	0.018224811
ZmCLE7 (-2483 to +171 relative to ATG)	934	C	0.0298523
ZmCLE7 (-2483 to +171 relative to ATG)	935	G	0.02882389
ZmCLE7 (-2483 to +171 relative to ATG)	936	T	0.022949297
ZmCLE7 (-2483 to +171 relative to ATG)	937	G	0.022297509
ZmCLE7 (-2483 to +171 relative to ATG)	938	T	-0.00079241535
ZmCLE7 (-2483 to +171 relative to ATG)	939	A	-0.004568305
ZmCLE7 (-2483 to +171 relative to ATG)	940	T	-0.009600844
ZmCLE7 (-2483 to +171 relative to ATG)	941	A	-0.0006410415
ZmCLE7 (-2483 to +171 relative to ATG)	942	A	-0.0028856
ZmCLE7 (-2483 to +171 relative to ATG)	943	G	-0.00014385038
ZmCLE7 (-2483 to +171 relative to ATG)	944	T	-0.0028958183
ZmCLE7 (-2483 to +171 relative to ATG)	945	A	0.0032375436
ZmCLE7 (-2483 to +171 relative to ATG)	946	T	0.0043543787
ZmCLE7 (-2483 to +171 relative to ATG)	947	T	0.0051293294
ZmCLE7 (-2483 to +171 relative to ATG)	948	T	-0.003721014
ZmCLE7 (-2483 to +171 relative to ATG)	949	G	-0.0029437556
ZmCLE7 (-2483 to +171 relative to ATG)	950	C	-0.0034624033
ZmCLE7 (-2483 to +171 relative to ATG)	951	A	-0.0018661893
ZmCLE7 (-2483 to +171 relative to ATG)	952	A	0.00057083217
ZmCLE7 (-2483 to +171 relative to ATG)	953	A	0.0033195845
ZmCLE7 (-2483 to +171 relative to ATG)	954	T	-0.0046533165
ZmCLE7 (-2483 to +171 relative to ATG)	955	G	-0.0034115994
ZmCLE7 (-2483 to +171 relative to ATG)	956	A	0.00147577
ZmCLE7 (-2483 to +171 relative to ATG)	957	T	0.0038780815
ZmCLE7 (-2483 to +171 relative to ATG)	958	A	0.00036669182
ZmCLE7 (-2483 to +171 relative to ATG)	959	G	0.0024957804
ZmCLE7 (-2483 to +171 relative to ATG)	960	A	-0.0047575207
ZmCLE7 (-2483 to +171 relative to ATG)	961	C	-0.004328608
ZmCLE7 (-2483 to +171 relative to ATG)	962	A	-0.003255005
ZmCLE7 (-2483 to +171 relative to ATG)	963	G	-0.0013349786
ZmCLE7 (-2483 to +171 relative to ATG)	964	C	-0.0023484055
ZmCLE7 (-2483 to +171 relative to ATG)	965	A	-0.005701663
ZmCLE7 (-2483 to +171 relative to ATG)	966	G	0.0048775706
ZmCLE7 (-2483 to +171 relative to ATG)	967	C	0.00025819393
ZmCLE7 (-2483 to +171 relative to ATG)	968	A	0.0008551167
ZmCLE7 (-2483 to +171 relative to ATG)	969	A	0.00019809211
ZmCLE7 (-2483 to +171 relative to ATG)	970	G	0.0056267004
ZmCLE7 (-2483 to +171 relative to ATG)	971	C	0.0019211086
ZmCLE7 (-2483 to +171 relative to ATG)	972	A	-0.003241002
ZmCLE7 (-2483 to +171 relative to ATG)	973	G	0.00392456
ZmCLE7 (-2483 to +171 relative to ATG)	974	C	0.00954629
ZmCLE7 (-2483 to +171 relative to ATG)	975	C	0.0069407863
ZmCLE7 (-2483 to +171 relative to ATG)	976	A	0.0012746843
ZmCLE7 (-2483 to +171 relative to ATG)	977	A	0.00119184
ZmCLE7 (-2483 to +171 relative to ATG)	978	C	0.005494194
ZmCLE7 (-2483 to +171 relative to ATG)	979	C	0.0008741581
ZmCLE7 (-2483 to +171 relative to ATG)	980	A	-0.002896542
ZmCLE7 (-2483 to +171 relative to ATG)	981	G	0.0019875027
ZmCLE7 (-2483 to +171 relative to ATG)	982	C	-0.0006554314
ZmCLE7 (-2483 to +171 relative to ATG)	983	A	0.008245422
ZmCLE7 (-2483 to +171 relative to ATG)	984	A	0.007048403
ZmCLE7 (-2483 to +171 relative to ATG)	985	G	0.0053810533
ZmCLE7 (-2483 to +171 relative to ATG)	986	T	-0.0044234656
ZmCLE7 (-2483 to +171 relative to ATG)	987	A	-0.00679959
ZmCLE7 (-2483 to +171 relative to ATG)	988	A	0.0024872064
ZmCLE7 (-2483 to +171 relative to ATG)	989	T	0.00023871553
ZmCLE7 (-2483 to +171 relative to ATG)	990	C	0.0055110934
ZmCLE7 (-2483 to +171 relative to ATG)	991	C	0.0038893581
ZmCLE7 (-2483 to +171 relative to ATG)	992	T	0.0011946256
ZmCLE7 (-2483 to +171 relative to ATG)	993	T	-0.00027492418
ZmCLE7 (-2483 to +171 relative to ATG)	994	G	-0.005374094
ZmCLE7 (-2483 to +171 relative to ATG)	995	T	-0.0076549356
ZmCLE7 (-2483 to +171 relative to ATG)	996	T	-0.00210895
ZmCLE7 (-2483 to +171 relative to ATG)	997	A	-0.008155406
ZmCLE7 (-2483 to +171 relative to ATG)	998	T	0.00733878
ZmCLE7 (-2483 to +171 relative to ATG)	999	T	0.000831643
ZmCLE7 (-2483 to +171 relative to ATG)	1000	G	-0.0018796494
ZmCLE7 (-2483 to +171 relative to ATG)	1001	C	-0.0018503299
ZmCLE7 (-2483 to +171 relative to ATG)	1002	G	0.00032423556
ZmCLE7 (-2483 to +171 relative to ATG)	1003	C	2.4448724e-05
ZmCLE7 (-2483 to +171 relative to ATG)	1004	T	-0.004202188
ZmCLE7 (-2483 to +171 relative to ATG)	1005	G	0.0019033281
ZmCLE7 (-2483 to +171 relative to ATG)	1006	G	0.0046237935
ZmCLE7 (-2483 to +171 relative to ATG)	1007	T	0.0018910224
ZmCLE7 (-2483 to +171 relative to ATG)	1008	G	0.0013055704
ZmCLE7 (-2483 to +171 relative to ATG)	1009	C	-0.00067891873
ZmCLE7 (-2483 to +171 relative to ATG)	1010	C	0.0002602758
ZmCLE7 (-2483 to +171 relative to ATG)	1011	T	0.0004587599
ZmCLE7 (-2483 to +171 relative to ATG)	1012	T	0.0026565949
ZmCLE7 (-2483 to +171 relative to ATG)	1013	G	0.0020813197
ZmCLE7 (-2483 to +171 relative to ATG)	1014	A	-0.0036177018
ZmCLE7 (-2483 to +171 relative to ATG)	1015	A	0.0027136947
ZmCLE7 (-2483 to +171 relative to ATG)	1016	C	0.001689693
ZmCLE7 (-2483 to +171 relative to ATG)	1017	G	0.001095282
ZmCLE7 (-2483 to +171 relative to ATG)	1018	C	-0.003385995
ZmCLE7 (-2483 to +171 relative to ATG)	1019	A	-0.004622613
ZmCLE7 (-2483 to +171 relative to ATG)	1020	G	-0.009168399
ZmCLE7 (-2483 to +171 relative to ATG)	1021	T	-0.016691916
ZmCLE7 (-2483 to +171 relative to ATG)	1022	A	0.00024782313
ZmCLE7 (-2483 to +171 relative to ATG)	1023	A	-0.009454767
ZmCLE7 (-2483 to +171 relative to ATG)	1024	A	-0.0009123527
ZmCLE7 (-2483 to +171 relative to ATG)	1025	T	-0.000846791
ZmCLE7 (-2483 to +171 relative to ATG)	1026	A	-0.004397353
ZmCLE7 (-2483 to +171 relative to ATG)	1027	T	-0.0030582722
ZmCLE7 (-2483 to +171 relative to ATG)	1028	G	-0.0020627305
ZmCLE7 (-2483 to +171 relative to ATG)	1029	G	-0.0010994559
ZmCLE7 (-2483 to +171 relative to ATG)	1030	T	-0.0017814464
ZmCLE7 (-2483 to +171 relative to ATG)	1031	A	-0.0053608976
ZmCLE7 (-2483 to +171 relative to ATG)	1032	G	0.00013791892
ZmCLE7 (-2483 to +171 relative to ATG)	1033	T	-0.0058702566
ZmCLE7 (-2483 to +171 relative to ATG)	1034	G	-0.0066192886
ZmCLE7 (-2483 to +171 relative to ATG)	1035	T	-0.0017018033
ZmCLE7 (-2483 to +171 relative to ATG)	1036	T	0.001526908
ZmCLE7 (-2483 to +171 relative to ATG)	1037	T	0.0010598222
ZmCLE7 (-2483 to +171 relative to ATG)	1038	A	-0.0030037747
ZmCLE7 (-2483 to +171 relative to ATG)	1039	G	-0.0013846842
ZmCLE7 (-2483 to +171 relative to ATG)	1040	C	-0.0029129025
ZmCLE7 (-2483 to +171 relative to ATG)	1041	A	-0.004095371
ZmCLE7 (-2483 to +171 relative to ATG)	1042	T	-0.00037743174
ZmCLE7 (-2483 to +171 relative to ATG)	1043	A	0.0014567173
ZmCLE7 (-2483 to +171 relative to ATG)	1044	G	-0.0035927051
ZmCLE7 (-2483 to +171 relative to ATG)	1045	C	-0.0040165237
ZmCLE7 (-2483 to +171 relative to ATG)	1046	T	7.872657e-05
ZmCLE7 (-2483 to +171 relative to ATG)	1047	A	-0.00237944
ZmCLE7 (-2483 to +171 relative to ATG)	1048	T	-0.004251982
ZmCLE7 (-2483 to +171 relative to ATG)	1049	G	-0.0067034336
ZmCLE7 (-2483 to +171 relative to ATG)	1050	T	-0.0010625499
ZmCLE7 (-2483 to +171 relative to ATG)	1051	T	-0.00095698604
ZmCLE7 (-2483 to +171 relative to ATG)	1052	A	-0.002654076
ZmCLE7 (-2483 to +171 relative to ATG)	1053	A	0.0006203225
ZmCLE7 (-2483 to +171 relative to ATG)	1054	T	-0.006356428
ZmCLE7 (-2483 to +171 relative to ATG)	1055	G	-0.007690636
ZmCLE7 (-2483 to +171 relative to ATG)	1056	C	-0.0070395833
ZmCLE7 (-2483 to +171 relative to ATG)	1057	A	-0.00296693
ZmCLE7 (-2483 to +171 relative to ATG)	1058	T	-0.0026504125
ZmCLE7 (-2483 to +171 relative to ATG)	1059	A	0.0021012833
ZmCLE7 (-2483 to +171 relative to ATG)	1060	A	0.002069577
ZmCLE7 (-2483 to +171 relative to ATG)	1061	A	0.0023577944
ZmCLE7 (-2483 to +171 relative to ATG)	1062	A	-2.6407439e-05
ZmCLE7 (-2483 to +171 relative to ATG)	1063	G	-0.0025695395
ZmCLE7 (-2483 to +171 relative to ATG)	1064	C	-0.003970655
ZmCLE7 (-2483 to +171 relative to ATG)	1065	T	-0.0044423016
ZmCLE7 (-2483 to +171 relative to ATG)	1066	T	-0.0035787334
ZmCLE7 (-2483 to +171 relative to ATG)	1067	A	0.0010129112
ZmCLE7 (-2483 to +171 relative to ATG)	1068	A	0.0024340986
ZmCLE7 (-2483 to +171 relative to ATG)	1069	A	-2.3734126e-05
ZmCLE7 (-2483 to +171 relative to ATG)	1070	A	-0.0026184702
ZmCLE7 (-2483 to +171 relative to ATG)	1071	C	-0.005984049
ZmCLE7 (-2483 to +171 relative to ATG)	1072	A	0.0015943183
ZmCLE7 (-2483 to +171 relative to ATG)	1073	A	0.0047824685
ZmCLE7 (-2483 to +171 relative to ATG)	1074	A	-0.0018381283
ZmCLE7 (-2483 to +171 relative to ATG)	1075	C	-0.004168223
ZmCLE7 (-2483 to +171 relative to ATG)	1076	C	0.0008941953
ZmCLE7 (-2483 to +171 relative to ATG)	1077	G	-0.0020784845
ZmCLE7 (-2483 to +171 relative to ATG)	1078	T	-0.003903734
ZmCLE7 (-2483 to +171 relative to ATG)	1079	A	-0.002612585
ZmCLE7 (-2483 to +171 relative to ATG)	1080	G	0.00015704306
ZmCLE7 (-2483 to +171 relative to ATG)	1081	G	0.0051859384
ZmCLE7 (-2483 to +171 relative to ATG)	1082	C	-0.0068901484
ZmCLE7 (-2483 to +171 relative to ATG)	1083	A	-0.006311993
ZmCLE7 (-2483 to +171 relative to ATG)	1084	C	-0.008139851
ZmCLE7 (-2483 to +171 relative to ATG)	1085	T	-0.0049786107
ZmCLE7 (-2483 to +171 relative to ATG)	1086	C	0.0023428581
ZmCLE7 (-2483 to +171 relative to ATG)	1087	G	-0.0014366095
ZmCLE7 (-2483 to +171 relative to ATG)	1088	T	-0.0063131414
ZmCLE7 (-2483 to +171 relative to ATG)	1089	C	0.00059217383
ZmCLE7 (-2483 to +171 relative to ATG)	1090	A	-0.0061540892
ZmCLE7 (-2483 to +171 relative to ATG)	1091	C	-0.0032117157
ZmCLE7 (-2483 to +171 relative to ATG)	1092	A	0.005572903
ZmCLE7 (-2483 to +171 relative to ATG)	1093	A	0.0061611626
ZmCLE7 (-2483 to +171 relative to ATG)	1094	G	0.009301724
ZmCLE7 (-2483 to +171 relative to ATG)	1095	G	-0.0018339766
ZmCLE7 (-2483 to +171 relative to ATG)	1096	C	0.0011119134
ZmCLE7 (-2483 to +171 relative to ATG)	1097	A	-0.0028709169
ZmCLE7 (-2483 to +171 relative to ATG)	1098	C	-0.0024394908
ZmCLE7 (-2483 to +171 relative to ATG)	1099	C	-0.004493812
ZmCLE7 (-2483 to +171 relative to ATG)	1100	A	-0.004418541
ZmCLE7 (-2483 to +171 relative to ATG)	1101	A	0.0024074602
ZmCLE7 (-2483 to +171 relative to ATG)	1102	C	-0.005028906
ZmCLE7 (-2483 to +171 relative to ATG)	1103	G	0.0017200503
ZmCLE7 (-2483 to +171 relative to ATG)	1104	T	-0.0012551207
ZmCLE7 (-2483 to +171 relative to ATG)	1105	C	0.003624614
ZmCLE7 (-2483 to +171 relative to ATG)	1106	A	0.0017529525
ZmCLE7 (-2483 to +171 relative to ATG)	1107	A	0.0073678866
ZmCLE7 (-2483 to +171 relative to ATG)	1108	T	-0.0012868515
ZmCLE7 (-2483 to +171 relative to ATG)	1109	C	-0.0029040826
ZmCLE7 (-2483 to +171 relative to ATG)	1110	A	-0.0035125515
ZmCLE7 (-2483 to +171 relative to ATG)	1111	G	-7.618339e-06
ZmCLE7 (-2483 to +171 relative to ATG)	1112	C	-0.0023003542
ZmCLE7 (-2483 to +171 relative to ATG)	1113	A	-0.005219009
ZmCLE7 (-2483 to +171 relative to ATG)	1114	G	-0.0007975004
ZmCLE7 (-2483 to +171 relative to ATG)	1115	C	-0.0004952671
ZmCLE7 (-2483 to +171 relative to ATG)	1116	A	-0.0066829156
ZmCLE7 (-2483 to +171 relative to ATG)	1117	G	-0.0015788807
ZmCLE7 (-2483 to +171 relative to ATG)	1118	C	-0.00491072
ZmCLE7 (-2483 to +171 relative to ATG)	1119	T	-0.0045639714
ZmCLE7 (-2483 to +171 relative to ATG)	1120	C	0.0007900962
ZmCLE7 (-2483 to +171 relative to ATG)	1121	G	0.00787194
ZmCLE7 (-2483 to +171 relative to ATG)	1122	G	0.0027911616
ZmCLE7 (-2483 to +171 relative to ATG)	1123	C	0.010608025
ZmCLE7 (-2483 to +171 relative to ATG)	1124	T	-0.004222003
ZmCLE7 (-2483 to +171 relative to ATG)	1125	G	-0.003004505
ZmCLE7 (-2483 to +171 relative to ATG)	1126	C	-0.0017787976
ZmCLE7 (-2483 to +171 relative to ATG)	1127	C	-0.0020136442
ZmCLE7 (-2483 to +171 relative to ATG)	1128	C	0.010125329
ZmCLE7 (-2483 to +171 relative to ATG)	1129	C	0.0036316519
ZmCLE7 (-2483 to +171 relative to ATG)	1130	A	0.009556922
ZmCLE7 (-2483 to +171 relative to ATG)	1131	A	0.0037921208
ZmCLE7 (-2483 to +171 relative to ATG)	1132	C	0.007618703
ZmCLE7 (-2483 to +171 relative to ATG)	1133	C	0.0032102743
ZmCLE7 (-2483 to +171 relative to ATG)	1134	A	0.001948008
ZmCLE7 (-2483 to +171 relative to ATG)	1135	C	0.00056090724
ZmCLE7 (-2483 to +171 relative to ATG)	1136	C	0.016076982
ZmCLE7 (-2483 to +171 relative to ATG)	1137	C	0.010730291
ZmCLE7 (-2483 to +171 relative to ATG)	1138	G	0.011698227
ZmCLE7 (-2483 to +171 relative to ATG)	1139	G	0.0067830696
ZmCLE7 (-2483 to +171 relative to ATG)	1140	T	-0.0023897665
ZmCLE7 (-2483 to +171 relative to ATG)	1141	G	-0.008746127
ZmCLE7 (-2483 to +171 relative to ATG)	1142	C	0.009158658
ZmCLE7 (-2483 to +171 relative to ATG)	1143	C	-0.012143823
ZmCLE7 (-2483 to +171 relative to ATG)	1144	A	-0.023743795
ZmCLE7 (-2483 to +171 relative to ATG)	1145	C	-0.0136085795
ZmCLE7 (-2483 to +171 relative to ATG)	1146	T	-0.013534432
ZmCLE7 (-2483 to +171 relative to ATG)	1147	G	-0.012952585
ZmCLE7 (-2483 to +171 relative to ATG)	1148	T	-0.014338879
ZmCLE7 (-2483 to +171 relative to ATG)	1149	G	-0.009009968
ZmCLE7 (-2483 to +171 relative to ATG)	1150	T	-0.0019790947
ZmCLE7 (-2483 to +171 relative to ATG)	1151	C	-0.008257617
ZmCLE7 (-2483 to +171 relative to ATG)	1152	C	0.0049161245
ZmCLE7 (-2483 to +171 relative to ATG)	1153	G	0.0015956613
ZmCLE7 (-2483 to +171 relative to ATG)	1154	T	-0.0019087972
ZmCLE7 (-2483 to +171 relative to ATG)	1155	G	-0.008064853
ZmCLE7 (-2483 to +171 relative to ATG)	1156	T	-0.017040629
ZmCLE7 (-2483 to +171 relative to ATG)	1157	C	-0.0056628846
ZmCLE7 (-2483 to +171 relative to ATG)	1158	G	0.010166632
ZmCLE7 (-2483 to +171 relative to ATG)	1159	T	0.0076061958
ZmCLE7 (-2483 to +171 relative to ATG)	1160	G	0.0025305375
ZmCLE7 (-2483 to +171 relative to ATG)	1161	C	0.008437132
ZmCLE7 (-2483 to +171 relative to ATG)	1162	G	0.0037140085
ZmCLE7 (-2483 to +171 relative to ATG)	1163	G	0.010250558
ZmCLE7 (-2483 to +171 relative to ATG)	1164	C	0.014004181
ZmCLE7 (-2483 to +171 relative to ATG)	1165	G	0.0018241514
ZmCLE7 (-2483 to +171 relative to ATG)	1166	T	-0.0032995525
ZmCLE7 (-2483 to +171 relative to ATG)	1167	C	-0.0058979196
ZmCLE7 (-2483 to +171 relative to ATG)	1168	C	0.012991356
ZmCLE7 (-2483 to +171 relative to ATG)	1169	G	-0.001196295
ZmCLE7 (-2483 to +171 relative to ATG)	1170	A	-0.0239768
ZmCLE7 (-2483 to +171 relative to ATG)	1171	C	-0.01126897
ZmCLE7 (-2483 to +171 relative to ATG)	1172	T	-0.0021415753
ZmCLE7 (-2483 to +171 relative to ATG)	1173	G	0.0006058657
ZmCLE7 (-2483 to +171 relative to ATG)	1174	C	0.010312016
ZmCLE7 (-2483 to +171 relative to ATG)	1175	C	0.0079531735
ZmCLE7 (-2483 to +171 relative to ATG)	1176	G	-0.0073476923
ZmCLE7 (-2483 to +171 relative to ATG)	1177	A	-0.009004378
ZmCLE7 (-2483 to +171 relative to ATG)	1178	G	-0.020790156
ZmCLE7 (-2483 to +171 relative to ATG)	1179	T	-0.026467934
ZmCLE7 (-2483 to +171 relative to ATG)	1180	C	-0.013416695
ZmCLE7 (-2483 to +171 relative to ATG)	1181	A	-0.003945599
ZmCLE7 (-2483 to +171 relative to ATG)	1182	A	0.009981871
ZmCLE7 (-2483 to +171 relative to ATG)	1183	T	0.012380128
ZmCLE7 (-2483 to +171 relative to ATG)	1184	T	-0.0020287877
ZmCLE7 (-2483 to +171 relative to ATG)	1185	C	-0.009582297
ZmCLE7 (-2483 to +171 relative to ATG)	1186	A	-0.019126276
ZmCLE7 (-2483 to +171 relative to ATG)	1187	G	-0.009302735
ZmCLE7 (-2483 to +171 relative to ATG)	1188	T	-0.011236499
ZmCLE7 (-2483 to +171 relative to ATG)	1189	G	0.0014992522
ZmCLE7 (-2483 to +171 relative to ATG)	1190	C	0.0022121945
ZmCLE7 (-2483 to +171 relative to ATG)	1191	A	-0.0039102896
ZmCLE7 (-2483 to +171 relative to ATG)	1192	G	-0.024079971
ZmCLE7 (-2483 to +171 relative to ATG)	1193	T	-0.028534755
ZmCLE7 (-2483 to +171 relative to ATG)	1194	C	-0.010152697
ZmCLE7 (-2483 to +171 relative to ATG)	1195	G	0.0028214771
ZmCLE7 (-2483 to +171 relative to ATG)	1196	T	0.0004233682
ZmCLE7 (-2483 to +171 relative to ATG)	1197	G	-0.0030074925
ZmCLE7 (-2483 to +171 relative to ATG)	1198	G	-0.007779131
ZmCLE7 (-2483 to +171 relative to ATG)	1199	T	-0.005549453
ZmCLE7 (-2483 to +171 relative to ATG)	1200	C	-0.018228184
ZmCLE7 (-2483 to +171 relative to ATG)	1201	T	0.0008333959
ZmCLE7 (-2483 to +171 relative to ATG)	1202	G	-0.0029366044
ZmCLE7 (-2483 to +171 relative to ATG)	1203	T	-0.002762988
ZmCLE7 (-2483 to +171 relative to ATG)	1204	G	-0.0030597532
ZmCLE7 (-2483 to +171 relative to ATG)	1205	G	-0.004718328
ZmCLE7 (-2483 to +171 relative to ATG)	1206	A	-0.0006014661
ZmCLE7 (-2483 to +171 relative to ATG)	1207	G	-0.006637648
ZmCLE7 (-2483 to +171 relative to ATG)	1208	G	-0.0019095405
ZmCLE7 (-2483 to +171 relative to ATG)	1209	C	-0.007898014
ZmCLE7 (-2483 to +171 relative to ATG)	1210	C	-0.010282106
ZmCLE7 (-2483 to +171 relative to ATG)	1211	T	-0.0036249645
ZmCLE7 (-2483 to +171 relative to ATG)	1212	A	0.0011400789
ZmCLE7 (-2483 to +171 relative to ATG)	1213	T	0.0062151644
ZmCLE7 (-2483 to +171 relative to ATG)	1214	T	-0.008421529
ZmCLE7 (-2483 to +171 relative to ATG)	1215	G	-0.016718216
ZmCLE7 (-2483 to +171 relative to ATG)	1216	G	-0.015401941
ZmCLE7 (-2483 to +171 relative to ATG)	1217	G	-0.011037164
ZmCLE7 (-2483 to +171 relative to ATG)	1218	C	-0.014814286
ZmCLE7 (-2483 to +171 relative to ATG)	1219	T	0.0017620422
ZmCLE7 (-2483 to +171 relative to ATG)	1220	T	-0.0030896275
ZmCLE7 (-2483 to +171 relative to ATG)	1221	G	-0.0060256054
ZmCLE7 (-2483 to +171 relative to ATG)	1222	T	-0.003998347
ZmCLE7 (-2483 to +171 relative to ATG)	1223	C	0.0013067989
ZmCLE7 (-2483 to +171 relative to ATG)	1224	C	0.0071644904
ZmCLE7 (-2483 to +171 relative to ATG)	1225	G	0.0017013199
ZmCLE7 (-2483 to +171 relative to ATG)	1226	C	-0.00014686772
ZmCLE7 (-2483 to +171 relative to ATG)	1227	T	-0.0017462389
ZmCLE7 (-2483 to +171 relative to ATG)	1228	T	0.0036009625
ZmCLE7 (-2483 to +171 relative to ATG)	1229	T	-0.005464468
ZmCLE7 (-2483 to +171 relative to ATG)	1230	G	-0.0021238332
ZmCLE7 (-2483 to +171 relative to ATG)	1231	G	-0.009093402
ZmCLE7 (-2483 to +171 relative to ATG)	1232	G	-0.0099486355
ZmCLE7 (-2483 to +171 relative to ATG)	1233	C	-0.0064920965
ZmCLE7 (-2483 to +171 relative to ATG)	1234	C	-0.0012035448
ZmCLE7 (-2483 to +171 relative to ATG)	1235	T	-0.0050346577
ZmCLE7 (-2483 to +171 relative to ATG)	1236	G	-0.0046879984
ZmCLE7 (-2483 to +171 relative to ATG)	1237	G	-0.0022415882
ZmCLE7 (-2483 to +171 relative to ATG)	1238	C	-0.018830024
ZmCLE7 (-2483 to +171 relative to ATG)	1239	G	-0.014715649
ZmCLE7 (-2483 to +171 relative to ATG)	1240	G	-0.010438938
ZmCLE7 (-2483 to +171 relative to ATG)	1241	G	-0.0093465885
ZmCLE7 (-2483 to +171 relative to ATG)	1242	A	-0.009256809
ZmCLE7 (-2483 to +171 relative to ATG)	1243	G	0.0024407143
ZmCLE7 (-2483 to +171 relative to ATG)	1244	A	0.0011284973
ZmCLE7 (-2483 to +171 relative to ATG)	1245	G	0.013924313
ZmCLE7 (-2483 to +171 relative to ATG)	1246	A	-0.00058320153
ZmCLE7 (-2483 to +171 relative to ATG)	1247	T	-0.0028424242
ZmCLE7 (-2483 to +171 relative to ATG)	1248	G	-0.0007598175
ZmCLE7 (-2483 to +171 relative to ATG)	1249	G	0.004447369
ZmCLE7 (-2483 to +171 relative to ATG)	1250	C	-0.0041079195
ZmCLE7 (-2483 to +171 relative to ATG)	1251	T	-0.0013750996
ZmCLE7 (-2483 to +171 relative to ATG)	1252	G	-0.002410912
ZmCLE7 (-2483 to +171 relative to ATG)	1253	A	-0.0020470193
ZmCLE7 (-2483 to +171 relative to ATG)	1254	C	-0.00058563205
ZmCLE7 (-2483 to +171 relative to ATG)	1255	A	-0.006382815
ZmCLE7 (-2483 to +171 relative to ATG)	1256	G	0.0067966734
ZmCLE7 (-2483 to +171 relative to ATG)	1257	A	0.000885764
ZmCLE7 (-2483 to +171 relative to ATG)	1258	T	0.00075296435
ZmCLE7 (-2483 to +171 relative to ATG)	1259	G	0.0015111282
ZmCLE7 (-2483 to +171 relative to ATG)	1260	A	0.0009597684
ZmCLE7 (-2483 to +171 relative to ATG)	1261	C	0.0043511586
ZmCLE7 (-2483 to +171 relative to ATG)	1262	C	-0.0021795905
ZmCLE7 (-2483 to +171 relative to ATG)	1263	A	0.00018505097
ZmCLE7 (-2483 to +171 relative to ATG)	1264	C	-0.0021755684
ZmCLE7 (-2483 to +171 relative to ATG)	1265	T	-0.0020224655
ZmCLE7 (-2483 to +171 relative to ATG)	1266	T	0.0018808232
ZmCLE7 (-2483 to +171 relative to ATG)	1267	C	0.001704875
ZmCLE7 (-2483 to +171 relative to ATG)	1268	G	0.00069224846
ZmCLE7 (-2483 to +171 relative to ATG)	1269	G	0.003629823
ZmCLE7 (-2483 to +171 relative to ATG)	1270	G	0.0028946819
ZmCLE7 (-2483 to +171 relative to ATG)	1271	T	-0.0006853302
ZmCLE7 (-2483 to +171 relative to ATG)	1272	T	0.0034304643
ZmCLE7 (-2483 to +171 relative to ATG)	1273	G	-0.00029214524
ZmCLE7 (-2483 to +171 relative to ATG)	1274	T	-0.0088797
ZmCLE7 (-2483 to +171 relative to ATG)	1275	A	0.008322467
ZmCLE7 (-2483 to +171 relative to ATG)	1276	T	0.0024543954
ZmCLE7 (-2483 to +171 relative to ATG)	1277	C	0.00083072454
ZmCLE7 (-2483 to +171 relative to ATG)	1278	C	0.0036096498
ZmCLE7 (-2483 to +171 relative to ATG)	1279	G	0.0042296564
ZmCLE7 (-2483 to +171 relative to ATG)	1280	G	0.0030584424
ZmCLE7 (-2483 to +171 relative to ATG)	1281	G	-0.0043678656
ZmCLE7 (-2483 to +171 relative to ATG)	1282	T	-0.0044640764
ZmCLE7 (-2483 to +171 relative to ATG)	1283	T	-0.0007499495
ZmCLE7 (-2483 to +171 relative to ATG)	1284	A	-0.0027471045
ZmCLE7 (-2483 to +171 relative to ATG)	1285	A	-0.006827734
ZmCLE7 (-2483 to +171 relative to ATG)	1286	A	-0.0056460407
ZmCLE7 (-2483 to +171 relative to ATG)	1287	T	-0.004829937
ZmCLE7 (-2483 to +171 relative to ATG)	1288	C	-0.0046553127
ZmCLE7 (-2483 to +171 relative to ATG)	1289	C	-0.0049245064
ZmCLE7 (-2483 to +171 relative to ATG)	1290	G	-0.002765777
ZmCLE7 (-2483 to +171 relative to ATG)	1291	A	-0.006587147
ZmCLE7 (-2483 to +171 relative to ATG)	1292	A	0.004400826
ZmCLE7 (-2483 to +171 relative to ATG)	1293	A	0.0040181614
ZmCLE7 (-2483 to +171 relative to ATG)	1294	A	0.0045184465
ZmCLE7 (-2483 to +171 relative to ATG)	1295	T	0.0032625184
ZmCLE7 (-2483 to +171 relative to ATG)	1296	A	0.005732114
ZmCLE7 (-2483 to +171 relative to ATG)	1297	T	0.013970375
ZmCLE7 (-2483 to +171 relative to ATG)	1298	C	0.0070735617
ZmCLE7 (-2483 to +171 relative to ATG)	1299	C	0.0036465297
ZmCLE7 (-2483 to +171 relative to ATG)	1300	C	-0.0013066286
ZmCLE7 (-2483 to +171 relative to ATG)	1301	G	0.0039754426
ZmCLE7 (-2483 to +171 relative to ATG)	1302	A	-0.0011917003
ZmCLE7 (-2483 to +171 relative to ATG)	1303	C	-0.0016427643
ZmCLE7 (-2483 to +171 relative to ATG)	1304	C	0.0061246725
ZmCLE7 (-2483 to +171 relative to ATG)	1305	G	-0.0014416443
ZmCLE7 (-2483 to +171 relative to ATG)	1306	A	-0.0009162896
ZmCLE7 (-2483 to +171 relative to ATG)	1307	A	0.0016018292
ZmCLE7 (-2483 to +171 relative to ATG)	1308	T	-0.0071124015
ZmCLE7 (-2483 to +171 relative to ATG)	1309	A	-0.0006537958
ZmCLE7 (-2483 to +171 relative to ATG)	1310	T	-0.0058567934
ZmCLE7 (-2483 to +171 relative to ATG)	1311	G	-0.0034120667
ZmCLE7 (-2483 to +171 relative to ATG)	1312	G	-0.0021821924
ZmCLE7 (-2483 to +171 relative to ATG)	1313	G	0.022071235
ZmCLE7 (-2483 to +171 relative to ATG)	1314	A	0.021630336
ZmCLE7 (-2483 to +171 relative to ATG)	1315	T	0.028518239
ZmCLE7 (-2483 to +171 relative to ATG)	1316	C	0.015067647
ZmCLE7 (-2483 to +171 relative to ATG)	1317	C	-0.012277205
ZmCLE7 (-2483 to +171 relative to ATG)	1318	C	-0.008582423
ZmCLE7 (-2483 to +171 relative to ATG)	1319	G	-0.0036683118
ZmCLE7 (-2483 to +171 relative to ATG)	1320	A	-0.0099469405
ZmCLE7 (-2483 to +171 relative to ATG)	1321	C	-0.0047449744
ZmCLE7 (-2483 to +171 relative to ATG)	1322	A	-0.02233316
ZmCLE7 (-2483 to +171 relative to ATG)	1323	A	0.012876317
ZmCLE7 (-2483 to +171 relative to ATG)	1324	T	-0.0045169997
ZmCLE7 (-2483 to +171 relative to ATG)	1325	C	0.0010571127
ZmCLE7 (-2483 to +171 relative to ATG)	1326	C	-0.0056514414
ZmCLE7 (-2483 to +171 relative to ATG)	1327	G	-0.0038703228
ZmCLE7 (-2483 to +171 relative to ATG)	1328	A	-0.0013462531
ZmCLE7 (-2483 to +171 relative to ATG)	1329	A	-0.0050338753
ZmCLE7 (-2483 to +171 relative to ATG)	1330	C	0.0019317564
ZmCLE7 (-2483 to +171 relative to ATG)	1331	G	0.004247538
ZmCLE7 (-2483 to +171 relative to ATG)	1332	G	0.0040218313
ZmCLE7 (-2483 to +171 relative to ATG)	1333	A	0.005368071
ZmCLE7 (-2483 to +171 relative to ATG)	1334	A	0.00081362796
ZmCLE7 (-2483 to +171 relative to ATG)	1335	A	0.0017281892
ZmCLE7 (-2483 to +171 relative to ATG)	1336	A	0.0005440227
ZmCLE7 (-2483 to +171 relative to ATG)	1337	T	-0.0019439054
ZmCLE7 (-2483 to +171 relative to ATG)	1338	A	-0.0030565984
ZmCLE7 (-2483 to +171 relative to ATG)	1339	G	0.0010940733
ZmCLE7 (-2483 to +171 relative to ATG)	1340	T	-0.006729233
ZmCLE7 (-2483 to +171 relative to ATG)	1341	A	-0.0021089658
ZmCLE7 (-2483 to +171 relative to ATG)	1342	C	-0.0014814197
ZmCLE7 (-2483 to +171 relative to ATG)	1343	T	0.0040326226
ZmCLE7 (-2483 to +171 relative to ATG)	1344	T	0.00134102
ZmCLE7 (-2483 to +171 relative to ATG)	1345	C	0.0032281291
ZmCLE7 (-2483 to +171 relative to ATG)	1346	C	0.000929676
ZmCLE7 (-2483 to +171 relative to ATG)	1347	C	0.0034919782
ZmCLE7 (-2483 to +171 relative to ATG)	1348	G	-0.0025017965
ZmCLE7 (-2483 to +171 relative to ATG)	1349	T	-0.0015217804
ZmCLE7 (-2483 to +171 relative to ATG)	1350	T	0.006728011
ZmCLE7 (-2483 to +171 relative to ATG)	1351	T	0.008758882
ZmCLE7 (-2483 to +171 relative to ATG)	1352	C	0.010928461
ZmCLE7 (-2483 to +171 relative to ATG)	1353	C	0.012065954
ZmCLE7 (-2483 to +171 relative to ATG)	1354	G	0.014322749
ZmCLE7 (-2483 to +171 relative to ATG)	1355	T	0.0057451674
ZmCLE7 (-2483 to +171 relative to ATG)	1356	C	-0.0049411636
ZmCLE7 (-2483 to +171 relative to ATG)	1357	C	0.003441643
ZmCLE7 (-2483 to +171 relative to ATG)	1358	C	0.00066254154
ZmCLE7 (-2483 to +171 relative to ATG)	1359	G	0.0020781346
ZmCLE7 (-2483 to +171 relative to ATG)	1360	A	0.0037916447
ZmCLE7 (-2483 to +171 relative to ATG)	1361	C	-0.0003078882
ZmCLE7 (-2483 to +171 relative to ATG)	1362	C	-0.0016597821
ZmCLE7 (-2483 to +171 relative to ATG)	1363	C	-0.0005454813
ZmCLE7 (-2483 to +171 relative to ATG)	1364	C	0.006895828
ZmCLE7 (-2483 to +171 relative to ATG)	1365	G	0.01311359
ZmCLE7 (-2483 to +171 relative to ATG)	1366	C	0.0018818317
ZmCLE7 (-2483 to +171 relative to ATG)	1367	A	0.001704113
ZmCLE7 (-2483 to +171 relative to ATG)	1368	G	0.012948977
ZmCLE7 (-2483 to +171 relative to ATG)	1369	A	0.004706137
ZmCLE7 (-2483 to +171 relative to ATG)	1370	C	-0.004547486
ZmCLE7 (-2483 to +171 relative to ATG)	1371	T	0.008537936
ZmCLE7 (-2483 to +171 relative to ATG)	1372	T	0.0066653504
ZmCLE7 (-2483 to +171 relative to ATG)	1373	C	0.013499357
ZmCLE7 (-2483 to +171 relative to ATG)	1374	C	0.004209037
ZmCLE7 (-2483 to +171 relative to ATG)	1375	A	-0.0007836087
ZmCLE7 (-2483 to +171 relative to ATG)	1376	A	0.005270121
ZmCLE7 (-2483 to +171 relative to ATG)	1377	C	-0.0011163044
ZmCLE7 (-2483 to +171 relative to ATG)	1378	C	-0.0005526621
ZmCLE7 (-2483 to +171 relative to ATG)	1379	C	0.007259642
ZmCLE7 (-2483 to +171 relative to ATG)	1380	G	0.0033701207
ZmCLE7 (-2483 to +171 relative to ATG)	1381	T	-0.00652805
ZmCLE7 (-2483 to +171 relative to ATG)	1382	A	0.0020107161
ZmCLE7 (-2483 to +171 relative to ATG)	1383	A	0.0024068365
ZmCLE7 (-2483 to +171 relative to ATG)	1384	C	0.0006083653
ZmCLE7 (-2483 to +171 relative to ATG)	1385	C	0.0054777926
ZmCLE7 (-2483 to +171 relative to ATG)	1386	C	0.008091294
ZmCLE7 (-2483 to +171 relative to ATG)	1387	G	0.003655691
ZmCLE7 (-2483 to +171 relative to ATG)	1388	T	0.0018279373
ZmCLE7 (-2483 to +171 relative to ATG)	1389	C	0.0025474087
ZmCLE7 (-2483 to +171 relative to ATG)	1390	C	0.0040226076
ZmCLE7 (-2483 to +171 relative to ATG)	1391	C	0.0004717465
ZmCLE7 (-2483 to +171 relative to ATG)	1392	G	0.0008657133
ZmCLE7 (-2483 to +171 relative to ATG)	1393	A	0.008285028
ZmCLE7 (-2483 to +171 relative to ATG)	1394	A	-0.0031601642
ZmCLE7 (-2483 to +171 relative to ATG)	1395	C	0.004606252
ZmCLE7 (-2483 to +171 relative to ATG)	1396	C	0.0016259323
ZmCLE7 (-2483 to +171 relative to ATG)	1397	A	-0.0025831428
ZmCLE7 (-2483 to +171 relative to ATG)	1398	G	0.0016175208
ZmCLE7 (-2483 to +171 relative to ATG)	1399	T	-0.0017995086
ZmCLE7 (-2483 to +171 relative to ATG)	1400	T	0.0042830375
ZmCLE7 (-2483 to +171 relative to ATG)	1401	T	0.0022485757
ZmCLE7 (-2483 to +171 relative to ATG)	1402	T	0.00081892486
ZmCLE7 (-2483 to +171 relative to ATG)	1403	T	-0.00031626085
ZmCLE7 (-2483 to +171 relative to ATG)	1404	T	-0.00082528836
ZmCLE7 (-2483 to +171 relative to ATG)	1405	T	0.003756774
ZmCLE7 (-2483 to +171 relative to ATG)	1406	T	0.0019576314
ZmCLE7 (-2483 to +171 relative to ATG)	1407	C	0.0010732634
ZmCLE7 (-2483 to +171 relative to ATG)	1408	C	-0.0021107486
ZmCLE7 (-2483 to +171 relative to ATG)	1409	G	-0.0031487742
ZmCLE7 (-2483 to +171 relative to ATG)	1410	A	-0.005378145
ZmCLE7 (-2483 to +171 relative to ATG)	1411	A	-0.0019732649
ZmCLE7 (-2483 to +171 relative to ATG)	1412	A	-0.0014781826
ZmCLE7 (-2483 to +171 relative to ATG)	1413	A	-0.0009664099
ZmCLE7 (-2483 to +171 relative to ATG)	1414	T	0.0057751755
ZmCLE7 (-2483 to +171 relative to ATG)	1415	A	-0.0031511935
ZmCLE7 (-2483 to +171 relative to ATG)	1416	T	0.008540933
ZmCLE7 (-2483 to +171 relative to ATG)	1417	G	0.009007528
ZmCLE7 (-2483 to +171 relative to ATG)	1418	A	0.0029031702
ZmCLE7 (-2483 to +171 relative to ATG)	1419	A	0.008562872
ZmCLE7 (-2483 to +171 relative to ATG)	1420	A	-0.0008217466
ZmCLE7 (-2483 to +171 relative to ATG)	1421	A	0.00057453476
ZmCLE7 (-2483 to +171 relative to ATG)	1422	C	0.005614409
ZmCLE7 (-2483 to +171 relative to ATG)	1423	G	0.005720865
ZmCLE7 (-2483 to +171 relative to ATG)	1424	G	0.0061553577
ZmCLE7 (-2483 to +171 relative to ATG)	1425	A	0.0020693068
ZmCLE7 (-2483 to +171 relative to ATG)	1426	C	0.0005793255
ZmCLE7 (-2483 to +171 relative to ATG)	1427	G	0.0059389155
ZmCLE7 (-2483 to +171 relative to ATG)	1428	G	0.0005455861
ZmCLE7 (-2483 to +171 relative to ATG)	1429	G	-0.0014454271
ZmCLE7 (-2483 to +171 relative to ATG)	1430	T	-0.004299656
ZmCLE7 (-2483 to +171 relative to ATG)	1431	T	-0.0013022622
ZmCLE7 (-2483 to +171 relative to ATG)	1432	A	-0.0060213804
ZmCLE7 (-2483 to +171 relative to ATG)	1433	A	-0.0064036273
ZmCLE7 (-2483 to +171 relative to ATG)	1434	A	-0.0036889266
ZmCLE7 (-2483 to +171 relative to ATG)	1435	T	-0.003309295
ZmCLE7 (-2483 to +171 relative to ATG)	1436	G	-0.001255385
ZmCLE7 (-2483 to +171 relative to ATG)	1437	T	-0.0044569313
ZmCLE7 (-2483 to +171 relative to ATG)	1438	A	-0.0015744143
ZmCLE7 (-2483 to +171 relative to ATG)	1439	G	0.0052328887
ZmCLE7 (-2483 to +171 relative to ATG)	1440	A	0.0052640936
ZmCLE7 (-2483 to +171 relative to ATG)	1441	A	0.0018030943
ZmCLE7 (-2483 to +171 relative to ATG)	1442	A	0.00042518516
ZmCLE7 (-2483 to +171 relative to ATG)	1443	A	0.00023476178
ZmCLE7 (-2483 to +171 relative to ATG)	1444	T	-0.0029124778
ZmCLE7 (-2483 to +171 relative to ATG)	1445	G	0.0006433502
ZmCLE7 (-2483 to +171 relative to ATG)	1446	G	0.0042739334
ZmCLE7 (-2483 to +171 relative to ATG)	1447	G	-0.0030301523
ZmCLE7 (-2483 to +171 relative to ATG)	1448	T	-0.00030921726
ZmCLE7 (-2483 to +171 relative to ATG)	1449	C	-0.0016161612
ZmCLE7 (-2483 to +171 relative to ATG)	1450	G	-0.0012303784
ZmCLE7 (-2483 to +171 relative to ATG)	1451	G	0.0028065117
ZmCLE7 (-2483 to +171 relative to ATG)	1452	G	0.0010928403
ZmCLE7 (-2483 to +171 relative to ATG)	1453	T	0.0028810385
ZmCLE7 (-2483 to +171 relative to ATG)	1454	C	0.00556268
ZmCLE7 (-2483 to +171 relative to ATG)	1455	G	0.0060775387
ZmCLE7 (-2483 to +171 relative to ATG)	1456	G	0.012513175
ZmCLE7 (-2483 to +171 relative to ATG)	1457	A	0.004699398
ZmCLE7 (-2483 to +171 relative to ATG)	1458	A	0.00028403586
ZmCLE7 (-2483 to +171 relative to ATG)	1459	C	0.0050601284
ZmCLE7 (-2483 to +171 relative to ATG)	1460	G	-0.0011513015
ZmCLE7 (-2483 to +171 relative to ATG)	1461	G	0.0059628445
ZmCLE7 (-2483 to +171 relative to ATG)	1462	G	0.0066710124
ZmCLE7 (-2483 to +171 relative to ATG)	1463	A	0.003746465
ZmCLE7 (-2483 to +171 relative to ATG)	1464	T	-0.00072397024
ZmCLE7 (-2483 to +171 relative to ATG)	1465	T	0.00067271804
ZmCLE7 (-2483 to +171 relative to ATG)	1466	T	-0.005076349
ZmCLE7 (-2483 to +171 relative to ATG)	1467	T	0.000981135
ZmCLE7 (-2483 to +171 relative to ATG)	1468	T	0.0068745543
ZmCLE7 (-2483 to +171 relative to ATG)	1469	C	0.006628267
ZmCLE7 (-2483 to +171 relative to ATG)	1470	C	0.006435156
ZmCLE7 (-2483 to +171 relative to ATG)	1471	G	0.006235995
ZmCLE7 (-2483 to +171 relative to ATG)	1472	T	0.00016862263
ZmCLE7 (-2483 to +171 relative to ATG)	1473	C	0.003382138
ZmCLE7 (-2483 to +171 relative to ATG)	1474	C	0.0026917912
ZmCLE7 (-2483 to +171 relative to ATG)	1475	G	0.0027416812
ZmCLE7 (-2483 to +171 relative to ATG)	1476	T	-0.0013787092
ZmCLE7 (-2483 to +171 relative to ATG)	1477	T	-0.0033782064
ZmCLE7 (-2483 to +171 relative to ATG)	1478	T	-0.00038058276
ZmCLE7 (-2483 to +171 relative to ATG)	1479	T	-0.0016416055
ZmCLE7 (-2483 to +171 relative to ATG)	1480	C	0.00010968846
ZmCLE7 (-2483 to +171 relative to ATG)	1481	A	-0.0038626597
ZmCLE7 (-2483 to +171 relative to ATG)	1482	T	0.00066948065
ZmCLE7 (-2483 to +171 relative to ATG)	1483	C	0.0019310222
ZmCLE7 (-2483 to +171 relative to ATG)	1484	G	0.0005191441
ZmCLE7 (-2483 to +171 relative to ATG)	1485	C	0.0011137773
ZmCLE7 (-2483 to +171 relative to ATG)	1486	T	0.0007838957
ZmCLE7 (-2483 to +171 relative to ATG)	1487	A	-0.0009450839
ZmCLE7 (-2483 to +171 relative to ATG)	1488	G	-0.004466252
ZmCLE7 (-2483 to +171 relative to ATG)	1489	T	-0.008983392
ZmCLE7 (-2483 to +171 relative to ATG)	1490	T	-0.0059773214
ZmCLE7 (-2483 to +171 relative to ATG)	1491	A	-0.006070621
ZmCLE7 (-2483 to +171 relative to ATG)	1492	A	-0.0007571776
ZmCLE7 (-2483 to +171 relative to ATG)	1493	G	0.0012029833
ZmCLE7 (-2483 to +171 relative to ATG)	1494	A	0.0016735209
ZmCLE7 (-2483 to +171 relative to ATG)	1495	G	-0.0022862088
ZmCLE7 (-2483 to +171 relative to ATG)	1496	G	-0.0028984249
ZmCLE7 (-2483 to +171 relative to ATG)	1497	T	-0.0018753052
ZmCLE7 (-2483 to +171 relative to ATG)	1498	A	-0.0034755352
ZmCLE7 (-2483 to +171 relative to ATG)	1499	G	-0.005417938
ZmCLE7 (-2483 to +171 relative to ATG)	1500	T	-0.010884553
ZmCLE7 (-2483 to +171 relative to ATG)	1501	A	-0.001675963
ZmCLE7 (-2483 to +171 relative to ATG)	1502	A	-0.0040457756
ZmCLE7 (-2483 to +171 relative to ATG)	1503	A	0.0028997166
ZmCLE7 (-2483 to +171 relative to ATG)	1504	G	0.004532457
ZmCLE7 (-2483 to +171 relative to ATG)	1505	A	0.004028934
ZmCLE7 (-2483 to +171 relative to ATG)	1506	A	0.0049103163
ZmCLE7 (-2483 to +171 relative to ATG)	1507	T	-0.002874579
ZmCLE7 (-2483 to +171 relative to ATG)	1508	A	0.002317441
ZmCLE7 (-2483 to +171 relative to ATG)	1509	A	0.00060449966
ZmCLE7 (-2483 to +171 relative to ATG)	1510	A	0.0015382253
ZmCLE7 (-2483 to +171 relative to ATG)	1511	A	0.0006072026
ZmCLE7 (-2483 to +171 relative to ATG)	1512	T	-0.0011585555
ZmCLE7 (-2483 to +171 relative to ATG)	1513	T	-0.0029038591
ZmCLE7 (-2483 to +171 relative to ATG)	1514	T	-0.004651236
ZmCLE7 (-2483 to +171 relative to ATG)	1515	T	-6.5954235e-05
ZmCLE7 (-2483 to +171 relative to ATG)	1516	A	0.0016855163
ZmCLE7 (-2483 to +171 relative to ATG)	1517	A	-0.0019343278
ZmCLE7 (-2483 to +171 relative to ATG)	1518	A	0.0016704062
ZmCLE7 (-2483 to +171 relative to ATG)	1519	A	0.00159406
ZmCLE7 (-2483 to +171 relative to ATG)	1520	G	0.009130456
ZmCLE7 (-2483 to +171 relative to ATG)	1521	A	0.00549399
ZmCLE7 (-2483 to +171 relative to ATG)	1522	G	0.0028137716
ZmCLE7 (-2483 to +171 relative to ATG)	1523	T	0.006536556
ZmCLE7 (-2483 to +171 relative to ATG)	1524	T	0.009211498
ZmCLE7 (-2483 to +171 relative to ATG)	1525	T	1.2415585e-05
ZmCLE7 (-2483 to +171 relative to ATG)	1526	C	0.00018552222
ZmCLE7 (-2483 to +171 relative to ATG)	1527	A	-0.0023196358
ZmCLE7 (-2483 to +171 relative to ATG)	1528	G	0.0036045678
ZmCLE7 (-2483 to +171 relative to ATG)	1529	A	0.007184518
ZmCLE7 (-2483 to +171 relative to ATG)	1530	A	-0.001035639
ZmCLE7 (-2483 to +171 relative to ATG)	1531	C	0.00070377707
ZmCLE7 (-2483 to +171 relative to ATG)	1532	T	-0.003493992
ZmCLE7 (-2483 to +171 relative to ATG)	1533	A	-0.002384093
ZmCLE7 (-2483 to +171 relative to ATG)	1534	A	-0.0013582984
ZmCLE7 (-2483 to +171 relative to ATG)	1535	A	-0.0003564272
ZmCLE7 (-2483 to +171 relative to ATG)	1536	T	-0.006403535
ZmCLE7 (-2483 to +171 relative to ATG)	1537	G	-0.0016127551
ZmCLE7 (-2483 to +171 relative to ATG)	1538	A	0.0015081597
ZmCLE7 (-2483 to +171 relative to ATG)	1539	T	-0.0031143953
ZmCLE7 (-2483 to +171 relative to ATG)	1540	A	-0.0033225925
ZmCLE7 (-2483 to +171 relative to ATG)	1541	C	0.0011018605
ZmCLE7 (-2483 to +171 relative to ATG)	1542	C	0.0054816115
ZmCLE7 (-2483 to +171 relative to ATG)	1543	C	0.0031727906
ZmCLE7 (-2483 to +171 relative to ATG)	1544	G	0.005168837
ZmCLE7 (-2483 to +171 relative to ATG)	1545	T	4.2193296e-05
ZmCLE7 (-2483 to +171 relative to ATG)	1546	A	-0.006355991
ZmCLE7 (-2483 to +171 relative to ATG)	1547	T	0.0077322884
ZmCLE7 (-2483 to +171 relative to ATG)	1548	A	-0.0029345793
ZmCLE7 (-2483 to +171 relative to ATG)	1549	G	0.0073019885
ZmCLE7 (-2483 to +171 relative to ATG)	1550	A	0.0028435306
ZmCLE7 (-2483 to +171 relative to ATG)	1551	C	0.004464795
ZmCLE7 (-2483 to +171 relative to ATG)	1552	A	0.005460338
ZmCLE7 (-2483 to +171 relative to ATG)	1553	A	0.016192539
ZmCLE7 (-2483 to +171 relative to ATG)	1554	G	0.014148377
ZmCLE7 (-2483 to +171 relative to ATG)	1555	T	0.020321488
ZmCLE7 (-2483 to +171 relative to ATG)	1556	T	0.023900779
ZmCLE7 (-2483 to +171 relative to ATG)	1557	T	0.0032416508
ZmCLE7 (-2483 to +171 relative to ATG)	1558	G	0.022813724
ZmCLE7 (-2483 to +171 relative to ATG)	1559	G	0.021372406
ZmCLE7 (-2483 to +171 relative to ATG)	1560	C	0.021165473
ZmCLE7 (-2483 to +171 relative to ATG)	1561	A	-0.0061289864
ZmCLE7 (-2483 to +171 relative to ATG)	1562	A	-0.0024507241
ZmCLE7 (-2483 to +171 relative to ATG)	1563	C	3.8172344e-05
ZmCLE7 (-2483 to +171 relative to ATG)	1564	C	0.004138819
ZmCLE7 (-2483 to +171 relative to ATG)	1565	T	-0.0110401
ZmCLE7 (-2483 to +171 relative to ATG)	1566	G	-0.0015120101
ZmCLE7 (-2483 to +171 relative to ATG)	1567	A	-0.0069079
ZmCLE7 (-2483 to +171 relative to ATG)	1568	G	-0.0009206452
ZmCLE7 (-2483 to +171 relative to ATG)	1569	T	-0.0035545812
ZmCLE7 (-2483 to +171 relative to ATG)	1570	A	-0.0008707901
ZmCLE7 (-2483 to +171 relative to ATG)	1571	T	0.00051831396
ZmCLE7 (-2483 to +171 relative to ATG)	1572	A	-0.005875181
ZmCLE7 (-2483 to +171 relative to ATG)	1573	C	0.0016516413
ZmCLE7 (-2483 to +171 relative to ATG)	1574	A	-0.0028936416
ZmCLE7 (-2483 to +171 relative to ATG)	1575	T	0.0008790507
ZmCLE7 (-2483 to +171 relative to ATG)	1576	A	0.00031337686
ZmCLE7 (-2483 to +171 relative to ATG)	1577	T	-0.0005286577
ZmCLE7 (-2483 to +171 relative to ATG)	1578	T	-0.0043223253
ZmCLE7 (-2483 to +171 relative to ATG)	1579	T	0.0024762987
ZmCLE7 (-2483 to +171 relative to ATG)	1580	T	0.0019258576
ZmCLE7 (-2483 to +171 relative to ATG)	1581	A	-0.0007780068
ZmCLE7 (-2483 to +171 relative to ATG)	1582	G	0.002475216
ZmCLE7 (-2483 to +171 relative to ATG)	1583	G	0.003414612
ZmCLE7 (-2483 to +171 relative to ATG)	1584	C	0.0015292119
ZmCLE7 (-2483 to +171 relative to ATG)	1585	C	0.0024838436
ZmCLE7 (-2483 to +171 relative to ATG)	1586	T	-0.0019557567
ZmCLE7 (-2483 to +171 relative to ATG)	1587	A	0.00087259815
ZmCLE7 (-2483 to +171 relative to ATG)	1588	G	-0.000102001526
ZmCLE7 (-2483 to +171 relative to ATG)	1589	A	-0.00077152014
ZmCLE7 (-2483 to +171 relative to ATG)	1590	G	0.00027750467
ZmCLE7 (-2483 to +171 relative to ATG)	1591	A	-0.0030136693
ZmCLE7 (-2483 to +171 relative to ATG)	1592	T	-0.0025477079
ZmCLE7 (-2483 to +171 relative to ATG)	1593	T	-0.010863226
ZmCLE7 (-2483 to +171 relative to ATG)	1594	C	-0.0020750547
ZmCLE7 (-2483 to +171 relative to ATG)	1595	G	0.0062836213
ZmCLE7 (-2483 to +171 relative to ATG)	1596	T	0.0033235867
ZmCLE7 (-2483 to +171 relative to ATG)	1597	G	-0.0007941473
ZmCLE7 (-2483 to +171 relative to ATG)	1598	T	-0.0021578902
ZmCLE7 (-2483 to +171 relative to ATG)	1599	G	-0.003196509
ZmCLE7 (-2483 to +171 relative to ATG)	1600	G	0.00067885866
ZmCLE7 (-2483 to +171 relative to ATG)	1601	C	-0.0054357736
ZmCLE7 (-2483 to +171 relative to ATG)	1602	A	-0.0023245374
ZmCLE7 (-2483 to +171 relative to ATG)	1603	C	0.0016811476
ZmCLE7 (-2483 to +171 relative to ATG)	1604	C	-0.004659272
ZmCLE7 (-2483 to +171 relative to ATG)	1605	A	-0.003283985
ZmCLE7 (-2483 to +171 relative to ATG)	1606	T	-0.0045641894
ZmCLE7 (-2483 to +171 relative to ATG)	1607	A	-0.0019089837
ZmCLE7 (-2483 to +171 relative to ATG)	1608	A	0.001243323
ZmCLE7 (-2483 to +171 relative to ATG)	1609	A	0.0026049127
ZmCLE7 (-2483 to +171 relative to ATG)	1610	G	-0.0040391013
ZmCLE7 (-2483 to +171 relative to ATG)	1611	T	-0.002423623
ZmCLE7 (-2483 to +171 relative to ATG)	1612	T	-0.0008557988
ZmCLE7 (-2483 to +171 relative to ATG)	1613	A	-0.004698367
ZmCLE7 (-2483 to +171 relative to ATG)	1614	G	-0.0029640272
ZmCLE7 (-2483 to +171 relative to ATG)	1615	T	-0.0029991465
ZmCLE7 (-2483 to +171 relative to ATG)	1616	T	0.003942131
ZmCLE7 (-2483 to +171 relative to ATG)	1617	T	0.003238773
ZmCLE7 (-2483 to +171 relative to ATG)	1618	T	0.0027180205
ZmCLE7 (-2483 to +171 relative to ATG)	1619	T	0.0027399133
ZmCLE7 (-2483 to +171 relative to ATG)	1620	T	0.0029185317
ZmCLE7 (-2483 to +171 relative to ATG)	1621	T	3.196476e-05
ZmCLE7 (-2483 to +171 relative to ATG)	1622	T	-0.001177121
ZmCLE7 (-2483 to +171 relative to ATG)	1623	T	0.00038292925
ZmCLE7 (-2483 to +171 relative to ATG)	1624	A	0.0009773617
ZmCLE7 (-2483 to +171 relative to ATG)	1625	A	-0.00060177356
ZmCLE7 (-2483 to +171 relative to ATG)	1626	A	-0.0008114994
ZmCLE7 (-2483 to +171 relative to ATG)	1627	A	-0.0003195239
ZmCLE7 (-2483 to +171 relative to ATG)	1628	A	0.000426585
ZmCLE7 (-2483 to +171 relative to ATG)	1629	A	0.003012376
ZmCLE7 (-2483 to +171 relative to ATG)	1630	A	0.0028798084
ZmCLE7 (-2483 to +171 relative to ATG)	1631	A	-0.0027393391
ZmCLE7 (-2483 to +171 relative to ATG)	1632	C	-0.00021262895
ZmCLE7 (-2483 to +171 relative to ATG)	1633	C	0.0027171387
ZmCLE7 (-2483 to +171 relative to ATG)	1634	A	0.00469905
ZmCLE7 (-2483 to +171 relative to ATG)	1635	A	0.009488277
ZmCLE7 (-2483 to +171 relative to ATG)	1636	T	0.0043535726
ZmCLE7 (-2483 to +171 relative to ATG)	1637	C	-0.0002855699
ZmCLE7 (-2483 to +171 relative to ATG)	1638	A	-0.0047656605
ZmCLE7 (-2483 to +171 relative to ATG)	1639	T	-0.004605975
ZmCLE7 (-2483 to +171 relative to ATG)	1640	G	-0.007655481
ZmCLE7 (-2483 to +171 relative to ATG)	1641	C	-0.006670158
ZmCLE7 (-2483 to +171 relative to ATG)	1642	A	-0.008961042
ZmCLE7 (-2483 to +171 relative to ATG)	1643	C	-0.0034681114
ZmCLE7 (-2483 to +171 relative to ATG)	1644	T	-0.0027863423
ZmCLE7 (-2483 to +171 relative to ATG)	1645	T	0.002299341
ZmCLE7 (-2483 to +171 relative to ATG)	1646	T	-0.010103921
ZmCLE7 (-2483 to +171 relative to ATG)	1647	A	0.00069986784
ZmCLE7 (-2483 to +171 relative to ATG)	1648	A	-0.0116413655
ZmCLE7 (-2483 to +171 relative to ATG)	1649	C	-0.0034358224
ZmCLE7 (-2483 to +171 relative to ATG)	1650	T	-0.0031122079
ZmCLE7 (-2483 to +171 relative to ATG)	1651	A	0.0038300415
ZmCLE7 (-2483 to +171 relative to ATG)	1652	T	-0.0003661323
ZmCLE7 (-2483 to +171 relative to ATG)	1653	T	0.005432537
ZmCLE7 (-2483 to +171 relative to ATG)	1654	A	-0.013346079
ZmCLE7 (-2483 to +171 relative to ATG)	1655	C	-0.010775718
ZmCLE7 (-2483 to +171 relative to ATG)	1656	A	-0.0034915209
ZmCLE7 (-2483 to +171 relative to ATG)	1657	T	0.0037186777
ZmCLE7 (-2483 to +171 relative to ATG)	1658	T	-0.009470657
ZmCLE7 (-2483 to +171 relative to ATG)	1659	C	-0.00571864
ZmCLE7 (-2483 to +171 relative to ATG)	1660	A	-0.014135797
ZmCLE7 (-2483 to +171 relative to ATG)	1661	C	-0.0058435956
ZmCLE7 (-2483 to +171 relative to ATG)	1662	T	-0.008122343
ZmCLE7 (-2483 to +171 relative to ATG)	1663	C	-0.00049396884
ZmCLE7 (-2483 to +171 relative to ATG)	1664	T	-3.3006203e-05
ZmCLE7 (-2483 to +171 relative to ATG)	1665	T	0.0064673284
ZmCLE7 (-2483 to +171 relative to ATG)	1666	T	0.0064442325
ZmCLE7 (-2483 to +171 relative to ATG)	1667	T	0.0027708726
ZmCLE7 (-2483 to +171 relative to ATG)	1668	G	0.0017867432
ZmCLE7 (-2483 to +171 relative to ATG)	1669	G	0.002012375
ZmCLE7 (-2483 to +171 relative to ATG)	1670	C	0.0026590964
ZmCLE7 (-2483 to +171 relative to ATG)	1671	T	0.0022577487
ZmCLE7 (-2483 to +171 relative to ATG)	1672	T	0.002980418
ZmCLE7 (-2483 to +171 relative to ATG)	1673	T	-6.5889806e-05
ZmCLE7 (-2483 to +171 relative to ATG)	1674	C	-0.0032039688
ZmCLE7 (-2483 to +171 relative to ATG)	1675	A	-0.0022708857
ZmCLE7 (-2483 to +171 relative to ATG)	1676	T	-0.0063923323
ZmCLE7 (-2483 to +171 relative to ATG)	1677	A	-0.0010271438
ZmCLE7 (-2483 to +171 relative to ATG)	1678	A	-0.0034715908
ZmCLE7 (-2483 to +171 relative to ATG)	1679	A	-0.0027383927
ZmCLE7 (-2483 to +171 relative to ATG)	1680	A	0.00012725413
ZmCLE7 (-2483 to +171 relative to ATG)	1681	C	-0.005326588
ZmCLE7 (-2483 to +171 relative to ATG)	1682	T	0.0052732723
ZmCLE7 (-2483 to +171 relative to ATG)	1683	T	0.004835118
ZmCLE7 (-2483 to +171 relative to ATG)	1684	T	-0.0009006048
ZmCLE7 (-2483 to +171 relative to ATG)	1685	G	0.0008042837
ZmCLE7 (-2483 to +171 relative to ATG)	1686	T	-0.0042044516
ZmCLE7 (-2483 to +171 relative to ATG)	1687	G	-0.0021135386
ZmCLE7 (-2483 to +171 relative to ATG)	1688	T	-0.00083277543
ZmCLE7 (-2483 to +171 relative to ATG)	1689	G	-0.0011353894
ZmCLE7 (-2483 to +171 relative to ATG)	1690	C	-0.0011180297
ZmCLE7 (-2483 to +171 relative to ATG)	1691	T	-0.0015442898
ZmCLE7 (-2483 to +171 relative to ATG)	1692	T	0.0012033392
ZmCLE7 (-2483 to +171 relative to ATG)	1693	A	-0.0016328093
ZmCLE7 (-2483 to +171 relative to ATG)	1694	G	-0.0011303438
ZmCLE7 (-2483 to +171 relative to ATG)	1695	C	-0.00088239997
ZmCLE7 (-2483 to +171 relative to ATG)	1696	A	-0.007224949
ZmCLE7 (-2483 to +171 relative to ATG)	1697	G	0.0046563484
ZmCLE7 (-2483 to +171 relative to ATG)	1698	C	-0.009863487
ZmCLE7 (-2483 to +171 relative to ATG)	1699	A	-0.014243366
ZmCLE7 (-2483 to +171 relative to ATG)	1700	T	-0.014888261
ZmCLE7 (-2483 to +171 relative to ATG)	1701	G	-0.0122485
ZmCLE7 (-2483 to +171 relative to ATG)	1702	C	-0.012204192
ZmCLE7 (-2483 to +171 relative to ATG)	1703	A	-0.009223992
ZmCLE7 (-2483 to +171 relative to ATG)	1704	G	-0.009227235
ZmCLE7 (-2483 to +171 relative to ATG)	1705	C	-0.0019927758
ZmCLE7 (-2483 to +171 relative to ATG)	1706	A	-0.00824684
ZmCLE7 (-2483 to +171 relative to ATG)	1707	G	-0.005479995
ZmCLE7 (-2483 to +171 relative to ATG)	1708	C	0.018943602
ZmCLE7 (-2483 to +171 relative to ATG)	1709	A	0.016992057
ZmCLE7 (-2483 to +171 relative to ATG)	1710	C	0.028645387
ZmCLE7 (-2483 to +171 relative to ATG)	1711	G	0.029030938
ZmCLE7 (-2483 to +171 relative to ATG)	1712	T	0.017016517
ZmCLE7 (-2483 to +171 relative to ATG)	1713	G	0.021024529
ZmCLE7 (-2483 to +171 relative to ATG)	1714	T	0.0026362007
ZmCLE7 (-2483 to +171 relative to ATG)	1715	G	-0.0019741526
ZmCLE7 (-2483 to +171 relative to ATG)	1716	G	0.0006733268
ZmCLE7 (-2483 to +171 relative to ATG)	1717	C	-0.0010277708
ZmCLE7 (-2483 to +171 relative to ATG)	1718	A	0.0048086834
ZmCLE7 (-2483 to +171 relative to ATG)	1719	T	0.0025216383
ZmCLE7 (-2483 to +171 relative to ATG)	1720	A	0.003293768
ZmCLE7 (-2483 to +171 relative to ATG)	1721	T	0.0033179752
ZmCLE7 (-2483 to +171 relative to ATG)	1722	A	-0.0017194388
ZmCLE7 (-2483 to +171 relative to ATG)	1723	T	-0.00018269474
ZmCLE7 (-2483 to +171 relative to ATG)	1724	G	-0.0022470471
ZmCLE7 (-2483 to +171 relative to ATG)	1725	A	-7.795802e-06
ZmCLE7 (-2483 to +171 relative to ATG)	1726	A	0.0030209532
ZmCLE7 (-2483 to +171 relative to ATG)	1727	A	0.006605732
ZmCLE7 (-2483 to +171 relative to ATG)	1728	T	0.0034564475
ZmCLE7 (-2483 to +171 relative to ATG)	1729	T	-0.0011727095
ZmCLE7 (-2483 to +171 relative to ATG)	1730	A	0.0024674865
ZmCLE7 (-2483 to +171 relative to ATG)	1731	T	0.0012277307
ZmCLE7 (-2483 to +171 relative to ATG)	1732	A	-0.00096090796
ZmCLE7 (-2483 to +171 relative to ATG)	1733	A	0.0019658615
ZmCLE7 (-2483 to +171 relative to ATG)	1734	T	-0.0076460633
ZmCLE7 (-2483 to +171 relative to ATG)	1735	G	-0.015815942
ZmCLE7 (-2483 to +171 relative to ATG)	1736	C	-0.0048885564
ZmCLE7 (-2483 to +171 relative to ATG)	1737	A	-0.0020695894
ZmCLE7 (-2483 to +171 relative to ATG)	1738	A	0.0043202215
ZmCLE7 (-2483 to +171 relative to ATG)	1739	A	0.0052440334
ZmCLE7 (-2483 to +171 relative to ATG)	1740	G	-0.0036307236
ZmCLE7 (-2483 to +171 relative to ATG)	1741	C	-0.00501434
ZmCLE7 (-2483 to +171 relative to ATG)	1742	T	-0.002680458
ZmCLE7 (-2483 to +171 relative to ATG)	1743	A	4.524928e-05
ZmCLE7 (-2483 to +171 relative to ATG)	1744	G	-0.0011228906
ZmCLE7 (-2483 to +171 relative to ATG)	1745	C	0.009104327
ZmCLE7 (-2483 to +171 relative to ATG)	1746	T	0.002615023
ZmCLE7 (-2483 to +171 relative to ATG)	1747	A	0.0019926608
ZmCLE7 (-2483 to +171 relative to ATG)	1748	G	0.0133860065
ZmCLE7 (-2483 to +171 relative to ATG)	1749	T	-0.006596823
ZmCLE7 (-2483 to +171 relative to ATG)	1750	A	0.0057521965
ZmCLE7 (-2483 to +171 relative to ATG)	1751	G	0.009431807
ZmCLE7 (-2483 to +171 relative to ATG)	1752	A	-0.005809315
ZmCLE7 (-2483 to +171 relative to ATG)	1753	T	0.007673965
ZmCLE7 (-2483 to +171 relative to ATG)	1754	T	-0.00010321879
ZmCLE7 (-2483 to +171 relative to ATG)	1755	C	0.01759301
ZmCLE7 (-2483 to +171 relative to ATG)	1756	T	-0.0046572145
ZmCLE7 (-2483 to +171 relative to ATG)	1757	A	-0.0074861217
ZmCLE7 (-2483 to +171 relative to ATG)	1758	C	0.007721794
ZmCLE7 (-2483 to +171 relative to ATG)	1759	T	-0.0048135566
ZmCLE7 (-2483 to +171 relative to ATG)	1760	A	-0.007995042
ZmCLE7 (-2483 to +171 relative to ATG)	1761	C	-0.0060626105
ZmCLE7 (-2483 to +171 relative to ATG)	1762	T	-0.008793025
ZmCLE7 (-2483 to +171 relative to ATG)	1763	G	-0.021792173
ZmCLE7 (-2483 to +171 relative to ATG)	1764	T	-0.017086463
ZmCLE7 (-2483 to +171 relative to ATG)	1765	C	0.0040655085
ZmCLE7 (-2483 to +171 relative to ATG)	1766	G	-0.006942913
ZmCLE7 (-2483 to +171 relative to ATG)	1767	T	0.0047448347
ZmCLE7 (-2483 to +171 relative to ATG)	1768	A	-0.014380081
ZmCLE7 (-2483 to +171 relative to ATG)	1769	C	-0.0026327826
ZmCLE7 (-2483 to +171 relative to ATG)	1770	A	-0.009355009
ZmCLE7 (-2483 to +171 relative to ATG)	1771	T	-0.0020290301
ZmCLE7 (-2483 to +171 relative to ATG)	1772	T	-0.015152518
ZmCLE7 (-2483 to +171 relative to ATG)	1773	C	0.014709063
ZmCLE7 (-2483 to +171 relative to ATG)	1774	T	-0.00027033087
ZmCLE7 (-2483 to +171 relative to ATG)	1775	C	-0.011358706
ZmCLE7 (-2483 to +171 relative to ATG)	1776	A	0.01718108
ZmCLE7 (-2483 to +171 relative to ATG)	1777	T	0.015247611
ZmCLE7 (-2483 to +171 relative to ATG)	1778	C	0.009946694
ZmCLE7 (-2483 to +171 relative to ATG)	1779	C	0.012928835
ZmCLE7 (-2483 to +171 relative to ATG)	1780	G	0.011171996
ZmCLE7 (-2483 to +171 relative to ATG)	1781	G	0.0003603922
ZmCLE7 (-2483 to +171 relative to ATG)	1782	C	0.0039451607
ZmCLE7 (-2483 to +171 relative to ATG)	1783	G	-0.0015492057
ZmCLE7 (-2483 to +171 relative to ATG)	1784	C	0.0012862365
ZmCLE7 (-2483 to +171 relative to ATG)	1785	T	-0.0093713375
ZmCLE7 (-2483 to +171 relative to ATG)	1786	A	-0.0032510215
ZmCLE7 (-2483 to +171 relative to ATG)	1787	A	-0.0058085145
ZmCLE7 (-2483 to +171 relative to ATG)	1788	A	-0.0070542344
ZmCLE7 (-2483 to +171 relative to ATG)	1789	A	-0.0019606233
ZmCLE7 (-2483 to +171 relative to ATG)	1790	C	-0.0014897052
ZmCLE7 (-2483 to +171 relative to ATG)	1791	G	0.0038268117
ZmCLE7 (-2483 to +171 relative to ATG)	1792	C	0.0014142739
ZmCLE7 (-2483 to +171 relative to ATG)	1793	T	-0.0037044128
ZmCLE7 (-2483 to +171 relative to ATG)	1794	A	-0.0029561154
ZmCLE7 (-2483 to +171 relative to ATG)	1795	C	-0.0027638315
ZmCLE7 (-2483 to +171 relative to ATG)	1796	A	-0.004628095
ZmCLE7 (-2483 to +171 relative to ATG)	1797	C	0.0110573685
ZmCLE7 (-2483 to +171 relative to ATG)	1798	A	0.0044144546
ZmCLE7 (-2483 to +171 relative to ATG)	1799	A	-0.0011754844
ZmCLE7 (-2483 to +171 relative to ATG)	1800	G	0.005002201
ZmCLE7 (-2483 to +171 relative to ATG)	1801	T	0.0041042804
ZmCLE7 (-2483 to +171 relative to ATG)	1802	G	0.0012911139
ZmCLE7 (-2483 to +171 relative to ATG)	1803	G	0.010158363
ZmCLE7 (-2483 to +171 relative to ATG)	1804	G	0.0012160825
ZmCLE7 (-2483 to +171 relative to ATG)	1805	C	0.0016880634
ZmCLE7 (-2483 to +171 relative to ATG)	1806	T	-0.0061944863
ZmCLE7 (-2483 to +171 relative to ATG)	1807	G	-0.0050488925
ZmCLE7 (-2483 to +171 relative to ATG)	1808	T	-0.0037752492
ZmCLE7 (-2483 to +171 relative to ATG)	1809	T	-0.0022776732
ZmCLE7 (-2483 to +171 relative to ATG)	1810	G	-0.0012890655
ZmCLE7 (-2483 to +171 relative to ATG)	1811	T	-0.0025845726
ZmCLE7 (-2483 to +171 relative to ATG)	1812	A	-0.0016312901
ZmCLE7 (-2483 to +171 relative to ATG)	1813	T	0.009257353
ZmCLE7 (-2483 to +171 relative to ATG)	1814	G	0.00033960497
ZmCLE7 (-2483 to +171 relative to ATG)	1815	T	-0.006039637
ZmCLE7 (-2483 to +171 relative to ATG)	1816	A	0.0031864683
ZmCLE7 (-2483 to +171 relative to ATG)	1817	C	0.007073006
ZmCLE7 (-2483 to +171 relative to ATG)	1818	T	0.0032089604
ZmCLE7 (-2483 to +171 relative to ATG)	1819	T	0.0070941243
ZmCLE7 (-2483 to +171 relative to ATG)	1820	G	0.010210631
ZmCLE7 (-2483 to +171 relative to ATG)	1821	T	-0.0028560192
ZmCLE7 (-2483 to +171 relative to ATG)	1822	A	-0.0018320271
ZmCLE7 (-2483 to +171 relative to ATG)	1823	C	0.006332959
ZmCLE7 (-2483 to +171 relative to ATG)	1824	T	0.00075390574
ZmCLE7 (-2483 to +171 relative to ATG)	1825	T	-0.003848644
ZmCLE7 (-2483 to +171 relative to ATG)	1826	T	0.0039727124
ZmCLE7 (-2483 to +171 relative to ATG)	1827	A	-0.022482658
ZmCLE7 (-2483 to +171 relative to ATG)	1828	C	-0.008060011
ZmCLE7 (-2483 to +171 relative to ATG)	1829	T	-0.0018010978
ZmCLE7 (-2483 to +171 relative to ATG)	1830	C	0.00060621096
ZmCLE7 (-2483 to +171 relative to ATG)	1831	C	-0.0009797356
ZmCLE7 (-2483 to +171 relative to ATG)	1832	G	0.0006574697
ZmCLE7 (-2483 to +171 relative to ATG)	1833	T	-0.002339235
ZmCLE7 (-2483 to +171 relative to ATG)	1834	A	-0.0067980858
ZmCLE7 (-2483 to +171 relative to ATG)	1835	G	0.0031439073
ZmCLE7 (-2483 to +171 relative to ATG)	1836	A	-0.0025375972
ZmCLE7 (-2483 to +171 relative to ATG)	1837	G	0.002984984
ZmCLE7 (-2483 to +171 relative to ATG)	1838	G	0.0027825905
ZmCLE7 (-2483 to +171 relative to ATG)	1839	A	0.012076107
ZmCLE7 (-2483 to +171 relative to ATG)	1840	A	0.011559802
ZmCLE7 (-2483 to +171 relative to ATG)	1841	G	-0.006470915
ZmCLE7 (-2483 to +171 relative to ATG)	1842	G	-0.015036943
ZmCLE7 (-2483 to +171 relative to ATG)	1843	G	0.010327094
ZmCLE7 (-2483 to +171 relative to ATG)	1844	G	0.04457099
ZmCLE7 (-2483 to +171 relative to ATG)	1845	A	0.04542767
ZmCLE7 (-2483 to +171 relative to ATG)	1846	T	0.051582858
ZmCLE7 (-2483 to +171 relative to ATG)	1847	A	0.025427684
ZmCLE7 (-2483 to +171 relative to ATG)	1848	A	0.013975429
ZmCLE7 (-2483 to +171 relative to ATG)	1849	A	-0.033062775
ZmCLE7 (-2483 to +171 relative to ATG)	1850	G	0.018245474
ZmCLE7 (-2483 to +171 relative to ATG)	1851	A	0.008444565
ZmCLE7 (-2483 to +171 relative to ATG)	1852	T	0.03056936
ZmCLE7 (-2483 to +171 relative to ATG)	1853	T	0.0047478685
ZmCLE7 (-2483 to +171 relative to ATG)	1854	G	0.010900769
ZmCLE7 (-2483 to +171 relative to ATG)	1855	T	-0.016929913
ZmCLE7 (-2483 to +171 relative to ATG)	1856	A	-0.0076331166
ZmCLE7 (-2483 to +171 relative to ATG)	1857	T	0.0041854247
ZmCLE7 (-2483 to +171 relative to ATG)	1858	C	0.0018931221
ZmCLE7 (-2483 to +171 relative to ATG)	1859	G	0.017148599
ZmCLE7 (-2483 to +171 relative to ATG)	1860	T	0.00023160485
ZmCLE7 (-2483 to +171 relative to ATG)	1861	C	0.008061877
ZmCLE7 (-2483 to +171 relative to ATG)	1862	G	-0.007852882
ZmCLE7 (-2483 to +171 relative to ATG)	1863	T	-0.0020967214
ZmCLE7 (-2483 to +171 relative to ATG)	1864	A	-0.018075816
ZmCLE7 (-2483 to +171 relative to ATG)	1865	C	-0.0040181833
ZmCLE7 (-2483 to +171 relative to ATG)	1866	T	-0.0042242887
ZmCLE7 (-2483 to +171 relative to ATG)	1867	A	-0.009034515
ZmCLE7 (-2483 to +171 relative to ATG)	1868	G	-0.004002213
ZmCLE7 (-2483 to +171 relative to ATG)	1869	C	-0.0033971714
ZmCLE7 (-2483 to +171 relative to ATG)	1870	T	-0.0034426767
ZmCLE7 (-2483 to +171 relative to ATG)	1871	C	0.00269844
ZmCLE7 (-2483 to +171 relative to ATG)	1872	T	-0.00095240446
ZmCLE7 (-2483 to +171 relative to ATG)	1873	A	-0.008830109
ZmCLE7 (-2483 to +171 relative to ATG)	1874	G	0.0038831665
ZmCLE7 (-2483 to +171 relative to ATG)	1875	T	-0.0015066488
ZmCLE7 (-2483 to +171 relative to ATG)	1876	A	-0.0030366231
ZmCLE7 (-2483 to +171 relative to ATG)	1877	T	-0.0016198345
ZmCLE7 (-2483 to +171 relative to ATG)	1878	G	0.0055265226
ZmCLE7 (-2483 to +171 relative to ATG)	1879	T	-0.0017040293
ZmCLE7 (-2483 to +171 relative to ATG)	1880	A	0.0066467887
ZmCLE7 (-2483 to +171 relative to ATG)	1881	T	0.0056083472
ZmCLE7 (-2483 to +171 relative to ATG)	1882	G	-0.005275111
ZmCLE7 (-2483 to +171 relative to ATG)	1883	T	-0.003076349
ZmCLE7 (-2483 to +171 relative to ATG)	1884	G	0.010924716
ZmCLE7 (-2483 to +171 relative to ATG)	1885	G	0.011751163
ZmCLE7 (-2483 to +171 relative to ATG)	1886	C	0.002087499
ZmCLE7 (-2483 to +171 relative to ATG)	1887	A	-0.012157907
ZmCLE7 (-2483 to +171 relative to ATG)	1888	G	0.0024476375
ZmCLE7 (-2483 to +171 relative to ATG)	1889	C	0.0021997173
ZmCLE7 (-2483 to +171 relative to ATG)	1890	G	0.00031252654
ZmCLE7 (-2483 to +171 relative to ATG)	1891	C	-0.007693562
ZmCLE7 (-2483 to +171 relative to ATG)	1892	G	-0.0032747095
ZmCLE7 (-2483 to +171 relative to ATG)	1893	C	0.007607728
ZmCLE7 (-2483 to +171 relative to ATG)	1894	G	0.00028380664
ZmCLE7 (-2483 to +171 relative to ATG)	1895	G	0.0004143178
ZmCLE7 (-2483 to +171 relative to ATG)	1896	T	-0.0069970554
ZmCLE7 (-2483 to +171 relative to ATG)	1897	A	-0.0074424413
ZmCLE7 (-2483 to +171 relative to ATG)	1898	C	-0.0050405865
ZmCLE7 (-2483 to +171 relative to ATG)	1899	C	0.00024388573
ZmCLE7 (-2483 to +171 relative to ATG)	1900	T	0.006752255
ZmCLE7 (-2483 to +171 relative to ATG)	1901	T	0.009553993
ZmCLE7 (-2483 to +171 relative to ATG)	1902	T	0.004657668
ZmCLE7 (-2483 to +171 relative to ATG)	1903	G	-0.0062217126
ZmCLE7 (-2483 to +171 relative to ATG)	1904	A	-0.010137151
ZmCLE7 (-2483 to +171 relative to ATG)	1905	T	-8.074125e-05
ZmCLE7 (-2483 to +171 relative to ATG)	1906	T	0.006497154
ZmCLE7 (-2483 to +171 relative to ATG)	1907	C	-0.0038434986
ZmCLE7 (-2483 to +171 relative to ATG)	1908	T	0.0016987914
ZmCLE7 (-2483 to +171 relative to ATG)	1909	T	0.0057876706
ZmCLE7 (-2483 to +171 relative to ATG)	1910	T	0.0017009656
ZmCLE7 (-2483 to +171 relative to ATG)	1911	C	0.007414649
ZmCLE7 (-2483 to +171 relative to ATG)	1912	T	0.0047690608
ZmCLE7 (-2483 to +171 relative to ATG)	1913	T	0.008076731
ZmCLE7 (-2483 to +171 relative to ATG)	1914	T	0.0037059416
ZmCLE7 (-2483 to +171 relative to ATG)	1915	T	0.002154464
ZmCLE7 (-2483 to +171 relative to ATG)	1916	T	0.0040600016
ZmCLE7 (-2483 to +171 relative to ATG)	1917	G	0.0022532942
ZmCLE7 (-2483 to +171 relative to ATG)	1918	T	-0.0010533942
ZmCLE7 (-2483 to +171 relative to ATG)	1919	C	-0.0065879985
ZmCLE7 (-2483 to +171 relative to ATG)	1920	T	0.007794212
ZmCLE7 (-2483 to +171 relative to ATG)	1921	T	0.003972583
ZmCLE7 (-2483 to +171 relative to ATG)	1922	C	0.0138224615
ZmCLE7 (-2483 to +171 relative to ATG)	1923	A	0.0049468204
ZmCLE7 (-2483 to +171 relative to ATG)	1924	C	0.007675168
ZmCLE7 (-2483 to +171 relative to ATG)	1925	A	0.0137129305
ZmCLE7 (-2483 to +171 relative to ATG)	1926	T	0.0046524485
ZmCLE7 (-2483 to +171 relative to ATG)	1927	G	0.006651622
ZmCLE7 (-2483 to +171 relative to ATG)	1928	A	-0.015868654
ZmCLE7 (-2483 to +171 relative to ATG)	1929	C	-0.006709565
ZmCLE7 (-2483 to +171 relative to ATG)	1930	T	-0.00227345
ZmCLE7 (-2483 to +171 relative to ATG)	1931	A	0.0008942104
ZmCLE7 (-2483 to +171 relative to ATG)	1932	G	0.00709222
ZmCLE7 (-2483 to +171 relative to ATG)	1933	C	-0.0063371547
ZmCLE7 (-2483 to +171 relative to ATG)	1934	A	-0.0091212895
ZmCLE7 (-2483 to +171 relative to ATG)	1935	G	0.0015363378
ZmCLE7 (-2483 to +171 relative to ATG)	1936	T	-0.0049275937
ZmCLE7 (-2483 to +171 relative to ATG)	1937	A	-0.0008932754
ZmCLE7 (-2483 to +171 relative to ATG)	1938	G	0.007322004
ZmCLE7 (-2483 to +171 relative to ATG)	1939	T	-0.00555829
ZmCLE7 (-2483 to +171 relative to ATG)	1940	A	0.003513603
ZmCLE7 (-2483 to +171 relative to ATG)	1941	G	0.013487824
ZmCLE7 (-2483 to +171 relative to ATG)	1942	C	0.005255369
ZmCLE7 (-2483 to +171 relative to ATG)	1943	C	0.00896442
ZmCLE7 (-2483 to +171 relative to ATG)	1944	A	-0.0025591212
ZmCLE7 (-2483 to +171 relative to ATG)	1945	G	-0.008341825
ZmCLE7 (-2483 to +171 relative to ATG)	1946	C	0.004460297
ZmCLE7 (-2483 to +171 relative to ATG)	1947	T	0.00524144
ZmCLE7 (-2483 to +171 relative to ATG)	1948	T	0.003915363
ZmCLE7 (-2483 to +171 relative to ATG)	1949	G	0.011414092
ZmCLE7 (-2483 to +171 relative to ATG)	1950	T	0.004208574
ZmCLE7 (-2483 to +171 relative to ATG)	1951	T	0.0005907116
ZmCLE7 (-2483 to +171 relative to ATG)	1952	G	0.00043060657
ZmCLE7 (-2483 to +171 relative to ATG)	1953	A	0.011117645
ZmCLE7 (-2483 to +171 relative to ATG)	1954	A	0.01420637
ZmCLE7 (-2483 to +171 relative to ATG)	1955	C	-0.009949316
ZmCLE7 (-2483 to +171 relative to ATG)	1956	T	0.0062156143
ZmCLE7 (-2483 to +171 relative to ATG)	1957	T	0.0014855138
ZmCLE7 (-2483 to +171 relative to ATG)	1958	G	0.004236855
ZmCLE7 (-2483 to +171 relative to ATG)	1959	A	-0.013516646
ZmCLE7 (-2483 to +171 relative to ATG)	1960	C	-0.0030390876
ZmCLE7 (-2483 to +171 relative to ATG)	1961	G	-0.008332533
ZmCLE7 (-2483 to +171 relative to ATG)	1962	T	0.009444405
ZmCLE7 (-2483 to +171 relative to ATG)	1963	T	-0.0011605537
ZmCLE7 (-2483 to +171 relative to ATG)	1964	G	-0.008176532
ZmCLE7 (-2483 to +171 relative to ATG)	1965	T	0.00077702675
ZmCLE7 (-2483 to +171 relative to ATG)	1966	T	0.00012808952
ZmCLE7 (-2483 to +171 relative to ATG)	1967	C	-0.0023188998
ZmCLE7 (-2483 to +171 relative to ATG)	1968	A	0.011458228
ZmCLE7 (-2483 to +171 relative to ATG)	1969	A	-0.0014381345
ZmCLE7 (-2483 to +171 relative to ATG)	1970	C	-0.010224991
ZmCLE7 (-2483 to +171 relative to ATG)	1971	C	-0.012736168
ZmCLE7 (-2483 to +171 relative to ATG)	1972	A	-0.008266725
ZmCLE7 (-2483 to +171 relative to ATG)	1973	T	-0.009780857
ZmCLE7 (-2483 to +171 relative to ATG)	1974	G	0.0019386488
ZmCLE7 (-2483 to +171 relative to ATG)	1975	G	0.00438982
ZmCLE7 (-2483 to +171 relative to ATG)	1976	C	-0.0010995696
ZmCLE7 (-2483 to +171 relative to ATG)	1977	T	0.009415589
ZmCLE7 (-2483 to +171 relative to ATG)	1978	G	-0.006983979
ZmCLE7 (-2483 to +171 relative to ATG)	1979	T	-0.007968186
ZmCLE7 (-2483 to +171 relative to ATG)	1980	G	0.005598878
ZmCLE7 (-2483 to +171 relative to ATG)	1981	A	-0.0008647298
ZmCLE7 (-2483 to +171 relative to ATG)	1982	T	0.0015175856
ZmCLE7 (-2483 to +171 relative to ATG)	1983	G	-0.0025437279
ZmCLE7 (-2483 to +171 relative to ATG)	1984	T	-0.008380423
ZmCLE7 (-2483 to +171 relative to ATG)	1985	G	0.009538728
ZmCLE7 (-2483 to +171 relative to ATG)	1986	A	-0.0046350323
ZmCLE7 (-2483 to +171 relative to ATG)	1987	C	-0.004571787
ZmCLE7 (-2483 to +171 relative to ATG)	1988	C	0.0005967042
ZmCLE7 (-2483 to +171 relative to ATG)	1989	C	-0.0009780627
ZmCLE7 (-2483 to +171 relative to ATG)	1990	T	0.0002658666
ZmCLE7 (-2483 to +171 relative to ATG)	1991	C	0.0011106113
ZmCLE7 (-2483 to +171 relative to ATG)	1992	A	-0.0055264267
ZmCLE7 (-2483 to +171 relative to ATG)	1993	C	0.009111124
ZmCLE7 (-2483 to +171 relative to ATG)	1994	A	-0.0036279173
ZmCLE7 (-2483 to +171 relative to ATG)	1995	A	-0.010973525
ZmCLE7 (-2483 to +171 relative to ATG)	1996	A	0.002340501
ZmCLE7 (-2483 to +171 relative to ATG)	1997	C	0.030246412
ZmCLE7 (-2483 to +171 relative to ATG)	1998	A	0.020723473
ZmCLE7 (-2483 to +171 relative to ATG)	1999	C	0.027670415
ZmCLE7 (-2483 to +171 relative to ATG)	2000	G	0.03520269
ZmCLE7 (-2483 to +171 relative to ATG)	2001	T	0.024835031
ZmCLE7 (-2483 to +171 relative to ATG)	2002	C	0.0096955355
ZmCLE7 (-2483 to +171 relative to ATG)	2003	A	0.014851716
ZmCLE7 (-2483 to +171 relative to ATG)	2004	G	0.008685128
ZmCLE7 (-2483 to +171 relative to ATG)	2005	A	0.0031039612
ZmCLE7 (-2483 to +171 relative to ATG)	2006	G	-0.0010433777
ZmCLE7 (-2483 to +171 relative to ATG)	2007	C	0.00073562143
ZmCLE7 (-2483 to +171 relative to ATG)	2008	A	0.014086986
ZmCLE7 (-2483 to +171 relative to ATG)	2009	A	0.009136146
ZmCLE7 (-2483 to +171 relative to ATG)	2010	G	0.015080414
ZmCLE7 (-2483 to +171 relative to ATG)	2011	C	0.009789995
ZmCLE7 (-2483 to +171 relative to ATG)	2012	A	0.0018310712
ZmCLE7 (-2483 to +171 relative to ATG)	2013	A	0.021427985
ZmCLE7 (-2483 to +171 relative to ATG)	2014	A	-0.002467833
ZmCLE7 (-2483 to +171 relative to ATG)	2015	A	-0.001605152
ZmCLE7 (-2483 to +171 relative to ATG)	2016	G	0.014374735
ZmCLE7 (-2483 to +171 relative to ATG)	2017	A	0.0030220116
ZmCLE7 (-2483 to +171 relative to ATG)	2018	T	0.00046927395
ZmCLE7 (-2483 to +171 relative to ATG)	2019	G	8.588989e-05
ZmCLE7 (-2483 to +171 relative to ATG)	2020	C	0.003610705
ZmCLE7 (-2483 to +171 relative to ATG)	2021	G	0.0021082365
ZmCLE7 (-2483 to +171 relative to ATG)	2022	G	0.001229082
ZmCLE7 (-2483 to +171 relative to ATG)	2023	T	0.0011751618
ZmCLE7 (-2483 to +171 relative to ATG)	2024	C	0.0024126826
ZmCLE7 (-2483 to +171 relative to ATG)	2025	A	0.0001842717
ZmCLE7 (-2483 to +171 relative to ATG)	2026	T	-0.0042802948
ZmCLE7 (-2483 to +171 relative to ATG)	2027	C	0.014796568
ZmCLE7 (-2483 to +171 relative to ATG)	2028	A	-0.0001941121
ZmCLE7 (-2483 to +171 relative to ATG)	2029	A	0.0042713704
ZmCLE7 (-2483 to +171 relative to ATG)	2030	C	-0.0026783168
ZmCLE7 (-2483 to +171 relative to ATG)	2031	T	-0.008493495
ZmCLE7 (-2483 to +171 relative to ATG)	2032	C	0.0048178486
ZmCLE7 (-2483 to +171 relative to ATG)	2033	G	0.011014556
ZmCLE7 (-2483 to +171 relative to ATG)	2034	C	0.00012715749
ZmCLE7 (-2483 to +171 relative to ATG)	2035	T	0.0015059052
ZmCLE7 (-2483 to +171 relative to ATG)	2036	T	0.009713007
ZmCLE7 (-2483 to +171 relative to ATG)	2037	T	0.0057640923
ZmCLE7 (-2483 to +171 relative to ATG)	2038	C	0.01452527
ZmCLE7 (-2483 to +171 relative to ATG)	2039	C	0.009728344
ZmCLE7 (-2483 to +171 relative to ATG)	2040	A	0.0048463666
ZmCLE7 (-2483 to +171 relative to ATG)	2041	A	0.0024038756
ZmCLE7 (-2483 to +171 relative to ATG)	2042	A	-0.0035380726
ZmCLE7 (-2483 to +171 relative to ATG)	2043	C	0.0015166097
ZmCLE7 (-2483 to +171 relative to ATG)	2044	T	-0.008157375
ZmCLE7 (-2483 to +171 relative to ATG)	2045	G	0.004596176
ZmCLE7 (-2483 to +171 relative to ATG)	2046	A	-0.00031236667
ZmCLE7 (-2483 to +171 relative to ATG)	2047	T	-0.005577949
ZmCLE7 (-2483 to +171 relative to ATG)	2048	G	0.006781922
ZmCLE7 (-2483 to +171 relative to ATG)	2049	C	0.01499082
ZmCLE7 (-2483 to +171 relative to ATG)	2050	G	0.015376255
ZmCLE7 (-2483 to +171 relative to ATG)	2051	T	-0.0024578066
ZmCLE7 (-2483 to +171 relative to ATG)	2052	A	-0.019651484
ZmCLE7 (-2483 to +171 relative to ATG)	2053	C	0.008281601
ZmCLE7 (-2483 to +171 relative to ATG)	2054	T	-0.0070190863
ZmCLE7 (-2483 to +171 relative to ATG)	2055	G	-0.0043093814
ZmCLE7 (-2483 to +171 relative to ATG)	2056	G	0.04641289
ZmCLE7 (-2483 to +171 relative to ATG)	2057	A	0.057849936
ZmCLE7 (-2483 to +171 relative to ATG)	2058	T	0.05890931
ZmCLE7 (-2483 to +171 relative to ATG)	2059	C	0.044792004
ZmCLE7 (-2483 to +171 relative to ATG)	2060	C	-0.0034987987
ZmCLE7 (-2483 to +171 relative to ATG)	2061	G	0.012841198
ZmCLE7 (-2483 to +171 relative to ATG)	2062	C	-0.00794485
ZmCLE7 (-2483 to +171 relative to ATG)	2063	G	-0.0033398587
ZmCLE7 (-2483 to +171 relative to ATG)	2064	C	0.002111902
ZmCLE7 (-2483 to +171 relative to ATG)	2065	G	-0.0007920944
ZmCLE7 (-2483 to +171 relative to ATG)	2066	C	-0.00051295816
ZmCLE7 (-2483 to +171 relative to ATG)	2067	A	-0.004754004
ZmCLE7 (-2483 to +171 relative to ATG)	2068	G	0.00013032225
ZmCLE7 (-2483 to +171 relative to ATG)	2069	G	0.008056698
ZmCLE7 (-2483 to +171 relative to ATG)	2070	G	0.00042345416
ZmCLE7 (-2483 to +171 relative to ATG)	2071	C	0.004495034
ZmCLE7 (-2483 to +171 relative to ATG)	2072	C	0.00014258735
ZmCLE7 (-2483 to +171 relative to ATG)	2073	A	-0.014557758
ZmCLE7 (-2483 to +171 relative to ATG)	2074	G	0.005332046
ZmCLE7 (-2483 to +171 relative to ATG)	2075	G	0.033495694
ZmCLE7 (-2483 to +171 relative to ATG)	2076	A	0.029411882
ZmCLE7 (-2483 to +171 relative to ATG)	2077	T	0.04346166
ZmCLE7 (-2483 to +171 relative to ATG)	2078	C	0.02337573
ZmCLE7 (-2483 to +171 relative to ATG)	2079	T	0.00036371476
ZmCLE7 (-2483 to +171 relative to ATG)	2080	C	0.00209669
ZmCLE7 (-2483 to +171 relative to ATG)	2081	C	-0.01838703
ZmCLE7 (-2483 to +171 relative to ATG)	2082	A	-0.030071303
ZmCLE7 (-2483 to +171 relative to ATG)	2083	C	-0.011583845
ZmCLE7 (-2483 to +171 relative to ATG)	2084	T	-0.03098374
ZmCLE7 (-2483 to +171 relative to ATG)	2085	C	0.0026093859
ZmCLE7 (-2483 to +171 relative to ATG)	2086	C	-0.013640138
ZmCLE7 (-2483 to +171 relative to ATG)	2087	A	-0.025024131
ZmCLE7 (-2483 to +171 relative to ATG)	2088	C	-0.016530856
ZmCLE7 (-2483 to +171 relative to ATG)	2089	T	-0.027458645
ZmCLE7 (-2483 to +171 relative to ATG)	2090	C	0.0019744735
ZmCLE7 (-2483 to +171 relative to ATG)	2091	C	-0.012088518
ZmCLE7 (-2483 to +171 relative to ATG)	2092	A	-0.0140660945
ZmCLE7 (-2483 to +171 relative to ATG)	2093	T	0.0061198296
ZmCLE7 (-2483 to +171 relative to ATG)	2094	T	-0.012941233
ZmCLE7 (-2483 to +171 relative to ATG)	2095	G	-0.0071688737
ZmCLE7 (-2483 to +171 relative to ATG)	2096	C	-0.005948312
ZmCLE7 (-2483 to +171 relative to ATG)	2097	A	-0.007917914
ZmCLE7 (-2483 to +171 relative to ATG)	2098	G	-0.012161557
ZmCLE7 (-2483 to +171 relative to ATG)	2099	G	-0.007982194
ZmCLE7 (-2483 to +171 relative to ATG)	2100	T	-0.0040638987
ZmCLE7 (-2483 to +171 relative to ATG)	2101	G	-0.005563702
ZmCLE7 (-2483 to +171 relative to ATG)	2102	C	0.0050137476
ZmCLE7 (-2483 to +171 relative to ATG)	2103	C	-0.0017518407
ZmCLE7 (-2483 to +171 relative to ATG)	2104	A	-0.003904023
ZmCLE7 (-2483 to +171 relative to ATG)	2105	G	-0.00240826
ZmCLE7 (-2483 to +171 relative to ATG)	2106	T	-0.0061934553
ZmCLE7 (-2483 to +171 relative to ATG)	2107	C	0.0045095496
ZmCLE7 (-2483 to +171 relative to ATG)	2108	T	-4.671646e-05
ZmCLE7 (-2483 to +171 relative to ATG)	2109	T	0.003944704
ZmCLE7 (-2483 to +171 relative to ATG)	2110	T	0.0001744713
ZmCLE7 (-2483 to +171 relative to ATG)	2111	A	-0.009125066
ZmCLE7 (-2483 to +171 relative to ATG)	2112	C	-0.0061230343
ZmCLE7 (-2483 to +171 relative to ATG)	2113	T	0.00442142
ZmCLE7 (-2483 to +171 relative to ATG)	2114	T	0.0025633685
ZmCLE7 (-2483 to +171 relative to ATG)	2115	C	0.0037810123
ZmCLE7 (-2483 to +171 relative to ATG)	2116	A	-0.0047845733
ZmCLE7 (-2483 to +171 relative to ATG)	2117	C	0.0028931662
ZmCLE7 (-2483 to +171 relative to ATG)	2118	A	-0.0007275576
ZmCLE7 (-2483 to +171 relative to ATG)	2119	T	-0.0009977064
ZmCLE7 (-2483 to +171 relative to ATG)	2120	G	0.008440559
ZmCLE7 (-2483 to +171 relative to ATG)	2121	A	0.003711546
ZmCLE7 (-2483 to +171 relative to ATG)	2122	T	0.014581306
ZmCLE7 (-2483 to +171 relative to ATG)	2123	C	0.009485788
ZmCLE7 (-2483 to +171 relative to ATG)	2124	C	0.0021946016
ZmCLE7 (-2483 to +171 relative to ATG)	2125	T	-0.01104911
ZmCLE7 (-2483 to +171 relative to ATG)	2126	C	-0.0049274997
ZmCLE7 (-2483 to +171 relative to ATG)	2127	A	-0.00461926
ZmCLE7 (-2483 to +171 relative to ATG)	2128	T	-0.0003086479
ZmCLE7 (-2483 to +171 relative to ATG)	2129	G	0.0010899967
ZmCLE7 (-2483 to +171 relative to ATG)	2130	G	0.0014161058
ZmCLE7 (-2483 to +171 relative to ATG)	2131	A	0.0001723414
ZmCLE7 (-2483 to +171 relative to ATG)	2132	A	-0.002127215
ZmCLE7 (-2483 to +171 relative to ATG)	2133	A	-0.008052288
ZmCLE7 (-2483 to +171 relative to ATG)	2134	C	0.0020692153
ZmCLE7 (-2483 to +171 relative to ATG)	2135	A	-0.0013412924
ZmCLE7 (-2483 to +171 relative to ATG)	2136	G	0.028469974
ZmCLE7 (-2483 to +171 relative to ATG)	2137	A	0.03720827
ZmCLE7 (-2483 to +171 relative to ATG)	2138	T	0.039771922
ZmCLE7 (-2483 to +171 relative to ATG)	2139	C	0.02132755
ZmCLE7 (-2483 to +171 relative to ATG)	2140	C	-0.0019541064
ZmCLE7 (-2483 to +171 relative to ATG)	2141	T	-0.013157875
ZmCLE7 (-2483 to +171 relative to ATG)	2142	C	-0.00069613784
ZmCLE7 (-2483 to +171 relative to ATG)	2143	T	-0.00071956625
ZmCLE7 (-2483 to +171 relative to ATG)	2144	G	-0.003199386
ZmCLE7 (-2483 to +171 relative to ATG)	2145	C	0.00869903
ZmCLE7 (-2483 to +171 relative to ATG)	2146	G	0.008215537
ZmCLE7 (-2483 to +171 relative to ATG)	2147	G	-0.0057215197
ZmCLE7 (-2483 to +171 relative to ATG)	2148	T	-0.008992185
ZmCLE7 (-2483 to +171 relative to ATG)	2149	A	0.0062041646
ZmCLE7 (-2483 to +171 relative to ATG)	2150	C	0.01769094
ZmCLE7 (-2483 to +171 relative to ATG)	2151	G	0.023024956
ZmCLE7 (-2483 to +171 relative to ATG)	2152	T	8.447555e-05
ZmCLE7 (-2483 to +171 relative to ATG)	2153	C	0.005084581
ZmCLE7 (-2483 to +171 relative to ATG)	2154	T	0.008657278
ZmCLE7 (-2483 to +171 relative to ATG)	2155	T	0.005831188
ZmCLE7 (-2483 to +171 relative to ATG)	2156	C	0.0032831717
ZmCLE7 (-2483 to +171 relative to ATG)	2157	T	0.00447907
ZmCLE7 (-2483 to +171 relative to ATG)	2158	G	-0.0044073397
ZmCLE7 (-2483 to +171 relative to ATG)	2159	T	0.002135521
ZmCLE7 (-2483 to +171 relative to ATG)	2160	G	0.010040375
ZmCLE7 (-2483 to +171 relative to ATG)	2161	G	0.010247377
ZmCLE7 (-2483 to +171 relative to ATG)	2162	A	0.0075360565
ZmCLE7 (-2483 to +171 relative to ATG)	2163	T	0.008393402
ZmCLE7 (-2483 to +171 relative to ATG)	2164	G	-0.012263709
ZmCLE7 (-2483 to +171 relative to ATG)	2165	T	-0.012783497
ZmCLE7 (-2483 to +171 relative to ATG)	2166	A	0.0017964732
ZmCLE7 (-2483 to +171 relative to ATG)	2167	G	0.015859148
ZmCLE7 (-2483 to +171 relative to ATG)	2168	C	0.0023211492
ZmCLE7 (-2483 to +171 relative to ATG)	2169	C	0.0074946894
ZmCLE7 (-2483 to +171 relative to ATG)	2170	C	0.011569102
ZmCLE7 (-2483 to +171 relative to ATG)	2171	A	0.013274751
ZmCLE7 (-2483 to +171 relative to ATG)	2172	C	0.015411485
ZmCLE7 (-2483 to +171 relative to ATG)	2173	G	0.0013658754
ZmCLE7 (-2483 to +171 relative to ATG)	2174	C	0.0008592434
ZmCLE7 (-2483 to +171 relative to ATG)	2175	C	-0.0031962213
ZmCLE7 (-2483 to +171 relative to ATG)	2176	G	-0.0065977583
ZmCLE7 (-2483 to +171 relative to ATG)	2177	G	-0.003897155
ZmCLE7 (-2483 to +171 relative to ATG)	2178	A	0.0007285327
ZmCLE7 (-2483 to +171 relative to ATG)	2179	G	-0.004734409
ZmCLE7 (-2483 to +171 relative to ATG)	2180	T	0.0064264173
ZmCLE7 (-2483 to +171 relative to ATG)	2181	C	0.011494112
ZmCLE7 (-2483 to +171 relative to ATG)	2182	A	-0.02215876
ZmCLE7 (-2483 to +171 relative to ATG)	2183	C	-0.020320417
ZmCLE7 (-2483 to +171 relative to ATG)	2184	T	-0.017479522
ZmCLE7 (-2483 to +171 relative to ATG)	2185	G	-0.0024243454
ZmCLE7 (-2483 to +171 relative to ATG)	2186	C	-0.0019000369
ZmCLE7 (-2483 to +171 relative to ATG)	2187	C	-0.006409091
ZmCLE7 (-2483 to +171 relative to ATG)	2188	C	0.0057125934
ZmCLE7 (-2483 to +171 relative to ATG)	2189	G	0.0016117662
ZmCLE7 (-2483 to +171 relative to ATG)	2190	C	0.02221134
ZmCLE7 (-2483 to +171 relative to ATG)	2191	G	0.019459987
ZmCLE7 (-2483 to +171 relative to ATG)	2192	T	0.013423723
ZmCLE7 (-2483 to +171 relative to ATG)	2193	G	0.013265463
ZmCLE7 (-2483 to +171 relative to ATG)	2194	C	0.0092012305
ZmCLE7 (-2483 to +171 relative to ATG)	2195	C	-0.006530167
ZmCLE7 (-2483 to +171 relative to ATG)	2196	C	0.015276279
ZmCLE7 (-2483 to +171 relative to ATG)	2197	G	0.0052261534
ZmCLE7 (-2483 to +171 relative to ATG)	2198	T	-0.011493299
ZmCLE7 (-2483 to +171 relative to ATG)	2199	C	-0.0015673295
ZmCLE7 (-2483 to +171 relative to ATG)	2200	T	0.008703149
ZmCLE7 (-2483 to +171 relative to ATG)	2201	C	0.0068178456
ZmCLE7 (-2483 to +171 relative to ATG)	2202	C	-0.0029619078
ZmCLE7 (-2483 to +171 relative to ATG)	2203	G	0.010548763
ZmCLE7 (-2483 to +171 relative to ATG)	2204	G	0.0038386555
ZmCLE7 (-2483 to +171 relative to ATG)	2205	C	-0.0041996436
ZmCLE7 (-2483 to +171 relative to ATG)	2206	C	0.0102009745
ZmCLE7 (-2483 to +171 relative to ATG)	2207	C	0.014521551
ZmCLE7 (-2483 to +171 relative to ATG)	2208	C	0.014792312
ZmCLE7 (-2483 to +171 relative to ATG)	2209	A	0.023868661
ZmCLE7 (-2483 to +171 relative to ATG)	2210	C	0.023947079
ZmCLE7 (-2483 to +171 relative to ATG)	2211	G	0.0010920066
ZmCLE7 (-2483 to +171 relative to ATG)	2212	C	0.0074609006
ZmCLE7 (-2483 to +171 relative to ATG)	2213	G	0.016746195
ZmCLE7 (-2483 to +171 relative to ATG)	2214	C	0.00090165867
ZmCLE7 (-2483 to +171 relative to ATG)	2215	A	-0.0052545504
ZmCLE7 (-2483 to +171 relative to ATG)	2216	G	-0.0037046117
ZmCLE7 (-2483 to +171 relative to ATG)	2217	C	0.007076211
ZmCLE7 (-2483 to +171 relative to ATG)	2218	G	0.009131299
ZmCLE7 (-2483 to +171 relative to ATG)	2219	A	0.002863404
ZmCLE7 (-2483 to +171 relative to ATG)	2220	C	-0.0021976456
ZmCLE7 (-2483 to +171 relative to ATG)	2221	T	0.0006626451
ZmCLE7 (-2483 to +171 relative to ATG)	2222	A	-0.008056719
ZmCLE7 (-2483 to +171 relative to ATG)	2223	C	-0.002702763
ZmCLE7 (-2483 to +171 relative to ATG)	2224	G	0.008758562
ZmCLE7 (-2483 to +171 relative to ATG)	2225	T	0.00017921267
ZmCLE7 (-2483 to +171 relative to ATG)	2226	C	0.010298738
ZmCLE7 (-2483 to +171 relative to ATG)	2227	C	0.006154422
ZmCLE7 (-2483 to +171 relative to ATG)	2228	G	0.01174021
ZmCLE7 (-2483 to +171 relative to ATG)	2229	C	-0.00014044548
ZmCLE7 (-2483 to +171 relative to ATG)	2230	C	0.003551983
ZmCLE7 (-2483 to +171 relative to ATG)	2231	T	-0.003328081
ZmCLE7 (-2483 to +171 relative to ATG)	2232	A	-0.0006168812
ZmCLE7 (-2483 to +171 relative to ATG)	2233	A	-0.0033862563
ZmCLE7 (-2483 to +171 relative to ATG)	2234	G	0.003732185
ZmCLE7 (-2483 to +171 relative to ATG)	2235	A	0.00025087353
ZmCLE7 (-2483 to +171 relative to ATG)	2236	A	0.0028414144
ZmCLE7 (-2483 to +171 relative to ATG)	2237	G	0.0037921953
ZmCLE7 (-2483 to +171 relative to ATG)	2238	A	0.0052132136
ZmCLE7 (-2483 to +171 relative to ATG)	2239	G	0.0023868885
ZmCLE7 (-2483 to +171 relative to ATG)	2240	G	0.0037570712
ZmCLE7 (-2483 to +171 relative to ATG)	2241	G	-0.0005732501
ZmCLE7 (-2483 to +171 relative to ATG)	2242	A	0.0023526947
ZmCLE7 (-2483 to +171 relative to ATG)	2243	G	0.0006220171
ZmCLE7 (-2483 to +171 relative to ATG)	2244	A	0.010641034
ZmCLE7 (-2483 to +171 relative to ATG)	2245	G	0.007938681
ZmCLE7 (-2483 to +171 relative to ATG)	2246	A	0.009700047
ZmCLE7 (-2483 to +171 relative to ATG)	2247	T	0.011527911
ZmCLE7 (-2483 to +171 relative to ATG)	2248	A	-0.01576928
ZmCLE7 (-2483 to +171 relative to ATG)	2249	C	0.008994806
ZmCLE7 (-2483 to +171 relative to ATG)	2250	A	0.0010959976
ZmCLE7 (-2483 to +171 relative to ATG)	2251	T	-0.0012134593
ZmCLE7 (-2483 to +171 relative to ATG)	2252	G	0.008789908
ZmCLE7 (-2483 to +171 relative to ATG)	2253	A	0.0039887554
ZmCLE7 (-2483 to +171 relative to ATG)	2254	A	0.011264971
ZmCLE7 (-2483 to +171 relative to ATG)	2255	T	0.0048317583
ZmCLE7 (-2483 to +171 relative to ATG)	2256	A	-0.0058401246
ZmCLE7 (-2483 to +171 relative to ATG)	2257	C	0.0041894037
ZmCLE7 (-2483 to +171 relative to ATG)	2258	C	0.012648215
ZmCLE7 (-2483 to +171 relative to ATG)	2259	G	0.01012615
ZmCLE7 (-2483 to +171 relative to ATG)	2260	T	-0.0032200832
ZmCLE7 (-2483 to +171 relative to ATG)	2261	A	-0.0027841844
ZmCLE7 (-2483 to +171 relative to ATG)	2262	T	1.9663008e-05
ZmCLE7 (-2483 to +171 relative to ATG)	2263	G	-0.003728646
ZmCLE7 (-2483 to +171 relative to ATG)	2264	T	-0.007942518
ZmCLE7 (-2483 to +171 relative to ATG)	2265	G	-0.0036751376
ZmCLE7 (-2483 to +171 relative to ATG)	2266	T	0.00035494484
ZmCLE7 (-2483 to +171 relative to ATG)	2267	T	-0.0026280943
ZmCLE7 (-2483 to +171 relative to ATG)	2268	T	0.0034075482
ZmCLE7 (-2483 to +171 relative to ATG)	2269	T	0.0070143095
ZmCLE7 (-2483 to +171 relative to ATG)	2270	T	-0.00054068264
ZmCLE7 (-2483 to +171 relative to ATG)	2271	G	-0.0060129287
ZmCLE7 (-2483 to +171 relative to ATG)	2272	T	-0.003456002
ZmCLE7 (-2483 to +171 relative to ATG)	2273	T	-0.0034027288
ZmCLE7 (-2483 to +171 relative to ATG)	2274	A	0.001240339
ZmCLE7 (-2483 to +171 relative to ATG)	2275	T	-0.0003355208
ZmCLE7 (-2483 to +171 relative to ATG)	2276	T	-0.0013223896
ZmCLE7 (-2483 to +171 relative to ATG)	2277	A	-0.005606957
ZmCLE7 (-2483 to +171 relative to ATG)	2278	G	0.00314108
ZmCLE7 (-2483 to +171 relative to ATG)	2279	A	0.0036559203
ZmCLE7 (-2483 to +171 relative to ATG)	2280	G	-0.0027311326
ZmCLE7 (-2483 to +171 relative to ATG)	2281	A	0.00018213697
ZmCLE7 (-2483 to +171 relative to ATG)	2282	A	0.0008001102
ZmCLE7 (-2483 to +171 relative to ATG)	2283	G	-0.0014184226
ZmCLE7 (-2483 to +171 relative to ATG)	2284	C	-0.0066377423
ZmCLE7 (-2483 to +171 relative to ATG)	2285	T	-0.0050159036
ZmCLE7 (-2483 to +171 relative to ATG)	2286	G	0.0039295796
ZmCLE7 (-2483 to +171 relative to ATG)	2287	G	0.0010786814
ZmCLE7 (-2483 to +171 relative to ATG)	2288	A	-0.0045010657
ZmCLE7 (-2483 to +171 relative to ATG)	2289	G	0.004227937
ZmCLE7 (-2483 to +171 relative to ATG)	2290	G	0.0013565817
ZmCLE7 (-2483 to +171 relative to ATG)	2291	C	0.005163184
ZmCLE7 (-2483 to +171 relative to ATG)	2292	G	0.0167082
ZmCLE7 (-2483 to +171 relative to ATG)	2293	G	0.005471928
ZmCLE7 (-2483 to +171 relative to ATG)	2294	T	2.9106337e-05
ZmCLE7 (-2483 to +171 relative to ATG)	2295	G	-0.0009361659
ZmCLE7 (-2483 to +171 relative to ATG)	2296	G	0.0048590517
ZmCLE7 (-2483 to +171 relative to ATG)	2297	G	0.0010555544
ZmCLE7 (-2483 to +171 relative to ATG)	2298	T	0.0026731016
ZmCLE7 (-2483 to +171 relative to ATG)	2299	C	-0.0025593173
ZmCLE7 (-2483 to +171 relative to ATG)	2300	T	0.0014145368
ZmCLE7 (-2483 to +171 relative to ATG)	2301	C	0.0027394376
ZmCLE7 (-2483 to +171 relative to ATG)	2302	C	0.005751317
ZmCLE7 (-2483 to +171 relative to ATG)	2303	T	-0.004819892
ZmCLE7 (-2483 to +171 relative to ATG)	2304	A	-0.0041686473
ZmCLE7 (-2483 to +171 relative to ATG)	2305	T	-0.0057413247
ZmCLE7 (-2483 to +171 relative to ATG)	2306	A	-0.0070793466
ZmCLE7 (-2483 to +171 relative to ATG)	2307	A	-0.0036902197
ZmCLE7 (-2483 to +171 relative to ATG)	2308	G	-0.00050396746
ZmCLE7 (-2483 to +171 relative to ATG)	2309	T	-0.005476706
ZmCLE7 (-2483 to +171 relative to ATG)	2310	A	-0.004696507
ZmCLE7 (-2483 to +171 relative to ATG)	2311	C	-1.9383277e-05
ZmCLE7 (-2483 to +171 relative to ATG)	2312	C	0.006097206
ZmCLE7 (-2483 to +171 relative to ATG)	2313	G	0.00820416
ZmCLE7 (-2483 to +171 relative to ATG)	2314	C	-0.002286681
ZmCLE7 (-2483 to +171 relative to ATG)	2315	C	0.0005101628
ZmCLE7 (-2483 to +171 relative to ATG)	2316	G	-0.00026876264
ZmCLE7 (-2483 to +171 relative to ATG)	2317	C	-0.00030516597
ZmCLE7 (-2483 to +171 relative to ATG)	2318	G	0.0017356286
ZmCLE7 (-2483 to +171 relative to ATG)	2319	G	-0.00038539854
ZmCLE7 (-2483 to +171 relative to ATG)	2320	C	-6.057461e-05
ZmCLE7 (-2483 to +171 relative to ATG)	2321	C	0.00065972604
ZmCLE7 (-2483 to +171 relative to ATG)	2322	C	-8.3959865e-05
ZmCLE7 (-2483 to +171 relative to ATG)	2323	C	-0.0009776899
ZmCLE7 (-2483 to +171 relative to ATG)	2324	C	0.0035102833
ZmCLE7 (-2483 to +171 relative to ATG)	2325	C	0.009026912
ZmCLE7 (-2483 to +171 relative to ATG)	2326	C	0.00282275
ZmCLE7 (-2483 to +171 relative to ATG)	2327	T	-0.0011982707
ZmCLE7 (-2483 to +171 relative to ATG)	2328	C	-0.0022714343
ZmCLE7 (-2483 to +171 relative to ATG)	2329	C	-0.0035814412
ZmCLE7 (-2483 to +171 relative to ATG)	2330	T	-0.0035282276
ZmCLE7 (-2483 to +171 relative to ATG)	2331	C	-0.0038425215
ZmCLE7 (-2483 to +171 relative to ATG)	2332	A	1.0384575e-06
ZmCLE7 (-2483 to +171 relative to ATG)	2333	T	0.0033808502
ZmCLE7 (-2483 to +171 relative to ATG)	2334	A	-0.01146516
ZmCLE7 (-2483 to +171 relative to ATG)	2335	T	-0.0044597057
ZmCLE7 (-2483 to +171 relative to ATG)	2336	A	-0.0042516706
ZmCLE7 (-2483 to +171 relative to ATG)	2337	T	-0.0062970757
ZmCLE7 (-2483 to +171 relative to ATG)	2338	A	-0.0056505864
ZmCLE7 (-2483 to +171 relative to ATG)	2339	T	-0.009701529
ZmCLE7 (-2483 to +171 relative to ATG)	2340	G	-0.01808395
ZmCLE7 (-2483 to +171 relative to ATG)	2341	T	-0.0021631152
ZmCLE7 (-2483 to +171 relative to ATG)	2342	T	-0.0011238873
ZmCLE7 (-2483 to +171 relative to ATG)	2343	G	-0.016188169
ZmCLE7 (-2483 to +171 relative to ATG)	2344	G	0.005920103
ZmCLE7 (-2483 to +171 relative to ATG)	2345	T	0.0011467477
ZmCLE7 (-2483 to +171 relative to ATG)	2346	C	0.011934533
ZmCLE7 (-2483 to +171 relative to ATG)	2347	G	0.0032563752
ZmCLE7 (-2483 to +171 relative to ATG)	2348	T	0.006585117
ZmCLE7 (-2483 to +171 relative to ATG)	2349	C	0.008661425
ZmCLE7 (-2483 to +171 relative to ATG)	2350	G	0.0015089473
ZmCLE7 (-2483 to +171 relative to ATG)	2351	T	0.0011491404
ZmCLE7 (-2483 to +171 relative to ATG)	2352	C	-0.0044402787
ZmCLE7 (-2483 to +171 relative to ATG)	2353	A	0.0066913576
ZmCLE7 (-2483 to +171 relative to ATG)	2354	T	0.0058632977
ZmCLE7 (-2483 to +171 relative to ATG)	2355	C	-0.0046403105
ZmCLE7 (-2483 to +171 relative to ATG)	2356	C	0.0026250477
ZmCLE7 (-2483 to +171 relative to ATG)	2357	T	9.394985e-05
ZmCLE7 (-2483 to +171 relative to ATG)	2358	A	-0.0020781031
ZmCLE7 (-2483 to +171 relative to ATG)	2359	G	-0.0048813922
ZmCLE7 (-2483 to +171 relative to ATG)	2360	A	0.0032676363
ZmCLE7 (-2483 to +171 relative to ATG)	2361	A	-0.009515012
ZmCLE7 (-2483 to +171 relative to ATG)	2362	G	0.0003129302
ZmCLE7 (-2483 to +171 relative to ATG)	2363	C	0.00026643544
ZmCLE7 (-2483 to +171 relative to ATG)	2364	G	-0.0011203134
ZmCLE7 (-2483 to +171 relative to ATG)	2365	C	0.0012231932
ZmCLE7 (-2483 to +171 relative to ATG)	2366	A	-0.0021066573
ZmCLE7 (-2483 to +171 relative to ATG)	2367	A	0.0037274763
ZmCLE7 (-2483 to +171 relative to ATG)	2368	G	0.0018774499
ZmCLE7 (-2483 to +171 relative to ATG)	2369	C	0.008024965
ZmCLE7 (-2483 to +171 relative to ATG)	2370	C	0.0033022666
ZmCLE7 (-2483 to +171 relative to ATG)	2371	T	-0.004068815
ZmCLE7 (-2483 to +171 relative to ATG)	2372	A	0.005365428
ZmCLE7 (-2483 to +171 relative to ATG)	2373	G	-0.001549712
ZmCLE7 (-2483 to +171 relative to ATG)	2374	C	0.0077236104
ZmCLE7 (-2483 to +171 relative to ATG)	2375	T	0.0039414484
ZmCLE7 (-2483 to +171 relative to ATG)	2376	G	0.012323854
ZmCLE7 (-2483 to +171 relative to ATG)	2377	G	0.015979748
ZmCLE7 (-2483 to +171 relative to ATG)	2378	T	-0.0051984736
ZmCLE7 (-2483 to +171 relative to ATG)	2379	G	0.0035192224
ZmCLE7 (-2483 to +171 relative to ATG)	2380	C	-0.0026509296
ZmCLE7 (-2483 to +171 relative to ATG)	2381	A	-0.010271699
ZmCLE7 (-2483 to +171 relative to ATG)	2382	C	-0.001961838
ZmCLE7 (-2483 to +171 relative to ATG)	2383	T	-0.029437482
ZmCLE7 (-2483 to +171 relative to ATG)	2384	C	0.010484715
ZmCLE7 (-2483 to +171 relative to ATG)	2385	A	0.041481286
ZmCLE7 (-2483 to +171 relative to ATG)	2386	C	0.05197672
ZmCLE7 (-2483 to +171 relative to ATG)	2387	G	0.05488012
ZmCLE7 (-2483 to +171 relative to ATG)	2388	T	-0.010127314
ZmCLE7 (-2483 to +171 relative to ATG)	2389	C	-0.0017679009
ZmCLE7 (-2483 to +171 relative to ATG)	2390	T	0.044443864
ZmCLE7 (-2483 to +171 relative to ATG)	2391	C	0.023335459
ZmCLE7 (-2483 to +171 relative to ATG)	2392	T	0.020817323
ZmCLE7 (-2483 to +171 relative to ATG)	2393	C	0.0055683497
ZmCLE7 (-2483 to +171 relative to ATG)	2394	C	0.0026795825
ZmCLE7 (-2483 to +171 relative to ATG)	2395	A	0.0030280852
ZmCLE7 (-2483 to +171 relative to ATG)	2396	C	0.006381269
ZmCLE7 (-2483 to +171 relative to ATG)	2397	A	0.0076506636
ZmCLE7 (-2483 to +171 relative to ATG)	2398	C	0.0059516975
ZmCLE7 (-2483 to +171 relative to ATG)	2399	A	-0.0024334486
ZmCLE7 (-2483 to +171 relative to ATG)	2400	C	0.009681227
ZmCLE7 (-2483 to +171 relative to ATG)	2401	C	-0.01378727
ZmCLE7 (-2483 to +171 relative to ATG)	2402	A	-0.014060618
ZmCLE7 (-2483 to +171 relative to ATG)	2403	C	0.00049535814
ZmCLE7 (-2483 to +171 relative to ATG)	2404	T	-0.018939646
ZmCLE7 (-2483 to +171 relative to ATG)	2405	G	-0.008689689
ZmCLE7 (-2483 to +171 relative to ATG)	2406	C	0.00040004522
ZmCLE7 (-2483 to +171 relative to ATG)	2407	T	-0.0033298377
ZmCLE7 (-2483 to +171 relative to ATG)	2408	A	0.009388126
ZmCLE7 (-2483 to +171 relative to ATG)	2409	A	0.005855524
ZmCLE7 (-2483 to +171 relative to ATG)	2410	G	0.0014020568
ZmCLE7 (-2483 to +171 relative to ATG)	2411	A	-0.007706232
ZmCLE7 (-2483 to +171 relative to ATG)	2412	C	-0.0036278304
ZmCLE7 (-2483 to +171 relative to ATG)	2413	T	-0.015625387
ZmCLE7 (-2483 to +171 relative to ATG)	2414	G	-0.0060138623
ZmCLE7 (-2483 to +171 relative to ATG)	2415	C	-0.0071671726
ZmCLE7 (-2483 to +171 relative to ATG)	2416	C	-0.015561066
ZmCLE7 (-2483 to +171 relative to ATG)	2417	G	-0.008651943
ZmCLE7 (-2483 to +171 relative to ATG)	2418	G	-0.010160161
ZmCLE7 (-2483 to +171 relative to ATG)	2419	C	0.0038367829
ZmCLE7 (-2483 to +171 relative to ATG)	2420	G	-0.0025848288
ZmCLE7 (-2483 to +171 relative to ATG)	2421	A	0.002015095
ZmCLE7 (-2483 to +171 relative to ATG)	2422	G	-0.0033451084
ZmCLE7 (-2483 to +171 relative to ATG)	2423	T	0.00096673507
ZmCLE7 (-2483 to +171 relative to ATG)	2424	C	0.00165802
ZmCLE7 (-2483 to +171 relative to ATG)	2425	C	-0.0051213168
ZmCLE7 (-2483 to +171 relative to ATG)	2426	T	-0.0010912769
ZmCLE7 (-2483 to +171 relative to ATG)	2427	C	-0.0031452936
ZmCLE7 (-2483 to +171 relative to ATG)	2428	C	-0.0024514513
ZmCLE7 (-2483 to +171 relative to ATG)	2429	G	-0.0043781428
ZmCLE7 (-2483 to +171 relative to ATG)	2430	G	-0.008148048
ZmCLE7 (-2483 to +171 relative to ATG)	2431	C	0.0050460775
ZmCLE7 (-2483 to +171 relative to ATG)	2432	C	0.004583233
ZmCLE7 (-2483 to +171 relative to ATG)	2433	G	0.0021633012
ZmCLE7 (-2483 to +171 relative to ATG)	2434	G	-0.0007635228
ZmCLE7 (-2483 to +171 relative to ATG)	2435	T	-0.0040203664
ZmCLE7 (-2483 to +171 relative to ATG)	2436	T	0.0042491704
ZmCLE7 (-2483 to +171 relative to ATG)	2437	A	-0.009449677
ZmCLE7 (-2483 to +171 relative to ATG)	2438	T	0.0099887205
ZmCLE7 (-2483 to +171 relative to ATG)	2439	A	-0.010899736
ZmCLE7 (-2483 to +171 relative to ATG)	2440	C	0.01654516
ZmCLE7 (-2483 to +171 relative to ATG)	2441	A	0.011346958
ZmCLE7 (-2483 to +171 relative to ATG)	2442	C	0.004177475
ZmCLE7 (-2483 to +171 relative to ATG)	2443	A	0.0058718966
ZmCLE7 (-2483 to +171 relative to ATG)	2444	C	0.0067560133
ZmCLE7 (-2483 to +171 relative to ATG)	2445	C	0.0057472493
ZmCLE7 (-2483 to +171 relative to ATG)	2446	G	0.002966772
ZmCLE7 (-2483 to +171 relative to ATG)	2447	C	0.020184185
ZmCLE7 (-2483 to +171 relative to ATG)	2448	G	0.005191229
ZmCLE7 (-2483 to +171 relative to ATG)	2449	G	0.011098753
ZmCLE7 (-2483 to +171 relative to ATG)	2450	T	0.005004541
ZmCLE7 (-2483 to +171 relative to ATG)	2451	T	0.012610832
ZmCLE7 (-2483 to +171 relative to ATG)	2452	T	0.016018262
ZmCLE7 (-2483 to +171 relative to ATG)	2453	T	0.008038653
ZmCLE7 (-2483 to +171 relative to ATG)	2454	T	-0.004487789
ZmCLE7 (-2483 to +171 relative to ATG)	2455	G	0.0039239065
ZmCLE7 (-2483 to +171 relative to ATG)	2456	G	0.009804844
ZmCLE7 (-2483 to +171 relative to ATG)	2457	T	0.005485355
ZmCLE7 (-2483 to +171 relative to ATG)	2458	C	0.013086497
ZmCLE7 (-2483 to +171 relative to ATG)	2459	G	-0.00033530194
ZmCLE7 (-2483 to +171 relative to ATG)	2460	T	0.0045416034
ZmCLE7 (-2483 to +171 relative to ATG)	2461	C	0.009829488
ZmCLE7 (-2483 to +171 relative to ATG)	2462	G	0.0020682055
ZmCLE7 (-2483 to +171 relative to ATG)	2463	T	-0.0018081377
ZmCLE7 (-2483 to +171 relative to ATG)	2464	C	0.0024854543
ZmCLE7 (-2483 to +171 relative to ATG)	2465	A	-0.0073515326
ZmCLE7 (-2483 to +171 relative to ATG)	2466	C	-0.00015283859
ZmCLE7 (-2483 to +171 relative to ATG)	2467	A	0.0006553436
ZmCLE7 (-2483 to +171 relative to ATG)	2468	A	0.0022480923
ZmCLE7 (-2483 to +171 relative to ATG)	2469	A	0.0054379506
ZmCLE7 (-2483 to +171 relative to ATG)	2470	C	0.003092411
ZmCLE7 (-2483 to +171 relative to ATG)	2471	C	0.006955596
ZmCLE7 (-2483 to +171 relative to ATG)	2472	C	-0.0010276733
ZmCLE7 (-2483 to +171 relative to ATG)	2473	A	0.0076768207
ZmCLE7 (-2483 to +171 relative to ATG)	2474	A	-0.006340042
ZmCLE7 (-2483 to +171 relative to ATG)	2475	C	-0.0066681285
ZmCLE7 (-2483 to +171 relative to ATG)	2476	C	0.010481862
ZmCLE7 (-2483 to +171 relative to ATG)	2477	G	-0.005410001
ZmCLE7 (-2483 to +171 relative to ATG)	2478	T	0.00027577873
ZmCLE7 (-2483 to +171 relative to ATG)	2479	C	-0.006730871
ZmCLE7 (-2483 to +171 relative to ATG)	2480	A	0.0017340527
ZmCLE7 (-2483 to +171 relative to ATG)	2481	G	-0.0018504685
ZmCLE7 (-2483 to +171 relative to ATG)	2482	C	-0.0012517623
ZmCLE7 (-2483 to +171 relative to ATG)	2483	C	-0.0021389138
ZmCLE7 (-2483 to +171 relative to ATG)	2484	A	-0.015905777
ZmCLE7 (-2483 to +171 relative to ATG)	2485	T	-0.014260081
ZmCLE7 (-2483 to +171 relative to ATG)	2486	G	-0.005129037
ZmCLE7 (-2483 to +171 relative to ATG)	2487	G	-0.0015313508
ZmCLE7 (-2483 to +171 relative to ATG)	2488	C	-0.0029865645
ZmCLE7 (-2483 to +171 relative to ATG)	2489	C	0.0037799862
ZmCLE7 (-2483 to +171 relative to ATG)	2490	C	0.0071705733
ZmCLE7 (-2483 to +171 relative to ATG)	2491	G	0.0039347797
ZmCLE7 (-2483 to +171 relative to ATG)	2492	G	0.036264878
ZmCLE7 (-2483 to +171 relative to ATG)	2493	A	0.033725113
ZmCLE7 (-2483 to +171 relative to ATG)	2494	T	0.04044447
ZmCLE7 (-2483 to +171 relative to ATG)	2495	C	0.021536522
ZmCLE7 (-2483 to +171 relative to ATG)	2496	T	0.0027555581
ZmCLE7 (-2483 to +171 relative to ATG)	2497	T	-0.012865239
ZmCLE7 (-2483 to +171 relative to ATG)	2498	C	-0.0020238233
ZmCLE7 (-2483 to +171 relative to ATG)	2499	C	0.002884114
ZmCLE7 (-2483 to +171 relative to ATG)	2500	T	0.002843117
ZmCLE7 (-2483 to +171 relative to ATG)	2501	C	-0.0039545977
ZmCLE7 (-2483 to +171 relative to ATG)	2502	T	-0.0076471535
ZmCLE7 (-2483 to +171 relative to ATG)	2503	G	-0.007565784
ZmCLE7 (-2483 to +171 relative to ATG)	2504	C	-0.0064644166
ZmCLE7 (-2483 to +171 relative to ATG)	2505	A	-0.009024234
ZmCLE7 (-2483 to +171 relative to ATG)	2506	T	-0.010317425
ZmCLE7 (-2483 to +171 relative to ATG)	2507	G	-0.008266162
ZmCLE7 (-2483 to +171 relative to ATG)	2508	A	-0.006408572
ZmCLE7 (-2483 to +171 relative to ATG)	2509	G	-0.0023448209
ZmCLE7 (-2483 to +171 relative to ATG)	2510	C	-0.008497248
ZmCLE7 (-2483 to +171 relative to ATG)	2511	T	-0.002909409
ZmCLE7 (-2483 to +171 relative to ATG)	2512	T	-0.0020572462
ZmCLE7 (-2483 to +171 relative to ATG)	2513	G	0.0039596725
ZmCLE7 (-2483 to +171 relative to ATG)	2514	G	0.007217147
ZmCLE7 (-2483 to +171 relative to ATG)	2515	C	0.0018305476
ZmCLE7 (-2483 to +171 relative to ATG)	2516	G	0.00845431
ZmCLE7 (-2483 to +171 relative to ATG)	2517	G	0.0051676426
ZmCLE7 (-2483 to +171 relative to ATG)	2518	C	0.006438781
ZmCLE7 (-2483 to +171 relative to ATG)	2519	G	4.2574502e-05
ZmCLE7 (-2483 to +171 relative to ATG)	2520	G	0.00046804608
ZmCLE7 (-2483 to +171 relative to ATG)	2521	C	0.010774077
ZmCLE7 (-2483 to +171 relative to ATG)	2522	G	0.007962808
ZmCLE7 (-2483 to +171 relative to ATG)	2523	T	0.0009877459
ZmCLE7 (-2483 to +171 relative to ATG)	2524	G	0.0030828542
ZmCLE7 (-2483 to +171 relative to ATG)	2525	C	0.0007920725
ZmCLE7 (-2483 to +171 relative to ATG)	2526	T	-0.00987798
ZmCLE7 (-2483 to +171 relative to ATG)	2527	G	-0.0055944915
ZmCLE7 (-2483 to +171 relative to ATG)	2528	C	-0.008959408
ZmCLE7 (-2483 to +171 relative to ATG)	2529	T	-0.007970623
ZmCLE7 (-2483 to +171 relative to ATG)	2530	G	-0.010353385
ZmCLE7 (-2483 to +171 relative to ATG)	2531	C	-0.008179478
ZmCLE7 (-2483 to +171 relative to ATG)	2532	T	-0.0012972538
ZmCLE7 (-2483 to +171 relative to ATG)	2533	T	0.004519331
ZmCLE7 (-2483 to +171 relative to ATG)	2534	C	-0.013680741
ZmCLE7 (-2483 to +171 relative to ATG)	2535	T	0.0016051668
ZmCLE7 (-2483 to +171 relative to ATG)	2536	C	0.0017669859
ZmCLE7 (-2483 to +171 relative to ATG)	2537	C	-0.018407308
ZmCLE7 (-2483 to +171 relative to ATG)	2538	A	-0.010747105
ZmCLE7 (-2483 to +171 relative to ATG)	2539	T	-0.0020789867
ZmCLE7 (-2483 to +171 relative to ATG)	2540	T	-0.0032965196
ZmCLE7 (-2483 to +171 relative to ATG)	2541	G	-0.011676747
ZmCLE7 (-2483 to +171 relative to ATG)	2542	C	-0.0020075296
ZmCLE7 (-2483 to +171 relative to ATG)	2543	G	0.0014844987
ZmCLE7 (-2483 to +171 relative to ATG)	2544	C	-0.002678146
ZmCLE7 (-2483 to +171 relative to ATG)	2545	T	-0.00727162
ZmCLE7 (-2483 to +171 relative to ATG)	2546	G	-0.0068356297
ZmCLE7 (-2483 to +171 relative to ATG)	2547	C	-0.008675717
ZmCLE7 (-2483 to +171 relative to ATG)	2548	T	0.0012129274
ZmCLE7 (-2483 to +171 relative to ATG)	2549	T	0.0037341684
ZmCLE7 (-2483 to +171 relative to ATG)	2550	C	-0.003977281
ZmCLE7 (-2483 to +171 relative to ATG)	2551	C	-0.005621908
ZmCLE7 (-2483 to +171 relative to ATG)	2552	A	-0.0053109294
ZmCLE7 (-2483 to +171 relative to ATG)	2553	C	-0.0048326864
ZmCLE7 (-2483 to +171 relative to ATG)	2554	C	-0.0032873861
ZmCLE7 (-2483 to +171 relative to ATG)	2555	G	-0.008766634
ZmCLE7 (-2483 to +171 relative to ATG)	2556	C	-0.006110882
ZmCLE7 (-2483 to +171 relative to ATG)	2557	C	-0.015011529
ZmCLE7 (-2483 to +171 relative to ATG)	2558	G	-0.014179469
ZmCLE7 (-2483 to +171 relative to ATG)	2559	G	-0.0056717605
ZmCLE7 (-2483 to +171 relative to ATG)	2560	C	0.0008694374
ZmCLE7 (-2483 to +171 relative to ATG)	2561	G	-0.005148559
ZmCLE7 (-2483 to +171 relative to ATG)	2562	C	-9.044963e-05
ZmCLE7 (-2483 to +171 relative to ATG)	2563	A	-0.0038439995
ZmCLE7 (-2483 to +171 relative to ATG)	2564	G	0.00168013
ZmCLE7 (-2483 to +171 relative to ATG)	2565	G	0.0009224705
ZmCLE7 (-2483 to +171 relative to ATG)	2566	G	-0.0020932674
ZmCLE7 (-2483 to +171 relative to ATG)	2567	C	0.0012661387
ZmCLE7 (-2483 to +171 relative to ATG)	2568	C	-0.0002978311
ZmCLE7 (-2483 to +171 relative to ATG)	2569	G	0.00069583114
ZmCLE7 (-2483 to +171 relative to ATG)	2570	T	-0.0025566656
ZmCLE7 (-2483 to +171 relative to ATG)	2571	C	0.00013394767
ZmCLE7 (-2483 to +171 relative to ATG)	2572	C	0.00047403804
ZmCLE7 (-2483 to +171 relative to ATG)	2573	T	-0.0050197234
ZmCLE7 (-2483 to +171 relative to ATG)	2574	G	-0.00033077208
ZmCLE7 (-2483 to +171 relative to ATG)	2575	G	0.005352946
ZmCLE7 (-2483 to +171 relative to ATG)	2576	T	-0.0013630339
ZmCLE7 (-2483 to +171 relative to ATG)	2577	G	5.8394533e-05
ZmCLE7 (-2483 to +171 relative to ATG)	2578	G	0.0026398764
ZmCLE7 (-2483 to +171 relative to ATG)	2579	G	0.0028699152
ZmCLE7 (-2483 to +171 relative to ATG)	2580	T	0.0011936212
ZmCLE7 (-2483 to +171 relative to ATG)	2581	G	0.001233233
ZmCLE7 (-2483 to +171 relative to ATG)	2582	G	0.0060005886
ZmCLE7 (-2483 to +171 relative to ATG)	2583	T	-0.003858481
ZmCLE7 (-2483 to +171 relative to ATG)	2584	A	-0.0014360732
ZmCLE7 (-2483 to +171 relative to ATG)	2585	C	0.0022905276
ZmCLE7 (-2483 to +171 relative to ATG)	2586	G	0.0074471426
ZmCLE7 (-2483 to +171 relative to ATG)	2587	C	0.0058797467
ZmCLE7 (-2483 to +171 relative to ATG)	2588	C	0.0066839517
ZmCLE7 (-2483 to +171 relative to ATG)	2589	G	0.0047640027
ZmCLE7 (-2483 to +171 relative to ATG)	2590	C	0.006339583
ZmCLE7 (-2483 to +171 relative to ATG)	2591	A	0.0010988535
ZmCLE7 (-2483 to +171 relative to ATG)	2592	G	0.0011115341
ZmCLE7 (-2483 to +171 relative to ATG)	2593	C	0.0014287635
ZmCLE7 (-2483 to +171 relative to ATG)	2594	T	0.004800271
ZmCLE7 (-2483 to +171 relative to ATG)	2595	T	0.004269364
ZmCLE7 (-2483 to +171 relative to ATG)	2596	T	0.002570467
ZmCLE7 (-2483 to +171 relative to ATG)	2597	T	0.0021593224
ZmCLE7 (-2483 to +171 relative to ATG)	2598	T	0.0010841206
ZmCLE7 (-2483 to +171 relative to ATG)	2599	T	0.0004118832
ZmCLE7 (-2483 to +171 relative to ATG)	2600	T	0.0018474046
ZmCLE7 (-2483 to +171 relative to ATG)	2601	T	0.0055047283
ZmCLE7 (-2483 to +171 relative to ATG)	2602	T	0.0059416434
ZmCLE7 (-2483 to +171 relative to ATG)	2603	C	0.0072289067
ZmCLE7 (-2483 to +171 relative to ATG)	2604	C	0.0075278073
ZmCLE7 (-2483 to +171 relative to ATG)	2605	C	0.0029311127
ZmCLE7 (-2483 to +171 relative to ATG)	2606	T	0.0015883038
ZmCLE7 (-2483 to +171 relative to ATG)	2607	A	-0.0060324403
ZmCLE7 (-2483 to +171 relative to ATG)	2608	T	-0.007252425
ZmCLE7 (-2483 to +171 relative to ATG)	2609	G	0.00013694298
ZmCLE7 (-2483 to +171 relative to ATG)	2610	C	0.01574763
ZmCLE7 (-2483 to +171 relative to ATG)	2611	C	0.008317289
ZmCLE7 (-2483 to +171 relative to ATG)	2612	G	0.00094926264
ZmCLE7 (-2483 to +171 relative to ATG)	2613	A	0.011110198
ZmCLE7 (-2483 to +171 relative to ATG)	2614	A	0.0013473224
ZmCLE7 (-2483 to +171 relative to ATG)	2615	C	0.0076279766
ZmCLE7 (-2483 to +171 relative to ATG)	2616	T	0.013691056
ZmCLE7 (-2483 to +171 relative to ATG)	2617	T	8.4003914e-05
ZmCLE7 (-2483 to +171 relative to ATG)	2618	T	-0.00072263955
ZmCLE7 (-2483 to +171 relative to ATG)	2619	A	-0.0035967268
ZmCLE7 (-2483 to +171 relative to ATG)	2620	T	0.0010174128
ZmCLE7 (-2483 to +171 relative to ATG)	2621	T	0.0034608005
ZmCLE7 (-2483 to +171 relative to ATG)	2622	A	-0.006742063
ZmCLE7 (-2483 to +171 relative to ATG)	2623	G	0.00087057246
ZmCLE7 (-2483 to +171 relative to ATG)	2624	T	-0.0022443596
ZmCLE7 (-2483 to +171 relative to ATG)	2625	T	0.005754871
ZmCLE7 (-2483 to +171 relative to ATG)	2626	T	0.00493776
ZmCLE7 (-2483 to +171 relative to ATG)	2627	T	-0.00034069797
ZmCLE7 (-2483 to +171 relative to ATG)	2628	C	0.0050606984
ZmCLE7 (-2483 to +171 relative to ATG)	2629	G	-0.004228593
ZmCLE7 (-2483 to +171 relative to ATG)	2630	T	0.007329342
ZmCLE7 (-2483 to +171 relative to ATG)	2631	A	-0.006877555
ZmCLE7 (-2483 to +171 relative to ATG)	2632	T	-0.0042337775
ZmCLE7 (-2483 to +171 relative to ATG)	2633	G	-0.0057791304
ZmCLE7 (-2483 to +171 relative to ATG)	2634	T	-0.010460596
ZmCLE7 (-2483 to +171 relative to ATG)	2635	C	-0.01231771
ZmCLE7 (-2483 to +171 relative to ATG)	2636	T	0.004988449
ZmCLE7 (-2483 to +171 relative to ATG)	2637	G	-0.003917802
ZmCLE7 (-2483 to +171 relative to ATG)	2638	G	0.0037230495
ZmCLE7 (-2483 to +171 relative to ATG)	2639	G	-0.0004981028
ZmCLE7 (-2483 to +171 relative to ATG)	2640	A	0.0063650785
ZmCLE7 (-2483 to +171 relative to ATG)	2641	A	-0.0035651575
ZmCLE7 (-2483 to +171 relative to ATG)	2642	C	0.012749762
ZmCLE7 (-2483 to +171 relative to ATG)	2643	T	-0.010211072
ZmCLE7 (-2483 to +171 relative to ATG)	2644	G	-0.005031736
ZmCLE7 (-2483 to +171 relative to ATG)	2645	C	0.005640412
ZmCLE7 (-2483 to +171 relative to ATG)	2646	T	-0.0018070382
ZmCLE7 (-2483 to +171 relative to ATG)	2647	C	-0.0064183683
ZmCLE7 (-2483 to +171 relative to ATG)	2648	C	-0.0022212137
ZmCLE7 (-2483 to +171 relative to ATG)	2649	C	-0.0100126555
ZmCLE7 (-2483 to +171 relative to ATG)	2650	T	0.0003265935
ZmCLE7 (-2483 to +171 relative to ATG)	2651	G	-0.0024840184
ZmCLE7 (-2483 to +171 relative to ATG)	2652	T	0.0015919969
ZmCLE7 (-2483 to +171 relative to ATG)	2653	C	0.0037939162
ZmCLE7 (-2483 to +171 relative to ATG)	2654	C	0.018834816
